{
  "required": {
    "x_from_here": [
      {
        "courses": [
          "LEGW8106",
          "LEGW8107",
          "LEGW8118"
        ],
        "type": "minimum",
        "units": 0
      },
      {
        "courses": [
          "LEGW8114",
          "LEGW8135",
          "LEGW8136",
          "LEGW8137"
        ],
        "type": "minimum",
        "units": 0
      }
    ],
    "compulsory_courses": [
      "LEGW8141",
      "LEGW8142",
      "LEGW8143"
    ]
  },
  "code": "6312XGDLP",
  "year": 2014,
  "name": "Graduate Diploma in Legal Practice",
  "units": 36
}