{
  "required": {
    "x_from_here": [
      {
        "courses": [
          "BUSN7008",
          "BUSN7005",
          "BUSN7006",
          "BUSN7017",
          "BUSN7021",
          "BUSN7031",
          "BUSN7036",
          "BUSN7045",
          "BUSN7049",
          "BUSN7050",
          "BUSN7052",
          "BUSN7054",
          "BUSN7057",
          "BUSN8003",
          "BUSN8007",
          "BUSN8012",
          "BUSN8013",
          "BUSN8016",
          "BUSN8018",
          "BUSN8145",
          "BUSN8056",
          "FINM7006",
          "INFS7040"
        ],
        "type": "minimum",
        "units": 30
      },
      {
        "courses": [
          "BUSI7019",
          "BUSN7024",
          "ECON8069",
          "INFS7004",
          "INFS7007",
          "FINM7007",
          "FINM7008",
          "FINM7041",
          "FINM7044",
          "MGMT7030",
          "MKTG7001",
          "MKTG7050",
          "STAT6006",
          "STAT6046",
          "STAT6038",
          "STAT7001",
          "STAT7026",
          "STAT7029",
          "STAT7055"
        ],
        "type": "maximum",
        "units": 18
      }
    ]
  },
  "code": "6401XGDACT",
  "year": 2016,
  "name": "Graduate Diploma of Accounting",
  "units": 48
}