{
  "required": {
    "x_from_here": [
      {
        "courses": [
          "BUSN7008",
          "BUSN7005",
          "BUSN7006",
          "BUSN7017",
          "BUSN7021",
          "BUSN7031",
          "BUSN7036",
          "BUSN7045",
          "BUSN7050",
          "BUSN7052",
          "BUSN7054",
          "BUSN7057",
          "FINM7006",
          "ECON8069",
          "STAT7055"
        ],
        "type": "minimum",
        "units": 24
      }
    ]
  },
  "code": "6459XGCACC",
  "year": 2015,
  "name": "Graduate Certificate of Accounting",
  "units": 24
}