{
  "required": {
    "x_from_here": [
      {
        "courses": [
          "ANTH6009",
          "ANTH8106",
          "BUSN7017",
          "EMDV8001",
          "EMDV8007",
          "EMDV8009",
          "EMDV8026",
          "EMDV8078",
          "EMDV8108",
          "ENVS6015",
          "ENVS6304",
          "ENVS6555",
          "HGEO8001",
          "SOCY6045"
        ],
        "type": "minimum",
        "units": 18
      }
    ],
    "compulsory_courses": [
      "EMDV8013",
      "EMDV8101"
    ]
  },
  "code": "6805XGDEMD",
  "year": 2014,
  "name": "Graduate Diploma in Environmental Management and Development",
  "units": 48
}