{
  "required": {
    "x_from_here": [
      {
        "courses": [
          "DEMO8045",
          "MEDI8203",
          "POGO8025",
          "POGO8029",
          "POGO8044",
          "POGO8084",
          "POGO8085",
          "POGO8099"
        ],
        "type": "minimum",
        "units": 18
      }
    ],
    "compulsory_courses": [
      "CRWF8000",
      "POGO8081",
      "POGO8082",
      "POGO8096"
    ]
  },
  "code": "7102SSOPOL",
  "year": 2014,
  "name": "Master of Public Policy (Social Policy)",
  "units": 48
}