{
  "required": {
    "x_from_here": [
      {
        "courses": [
          "CRWF8004",
          "CRWF8006",
          "CRWF8014",
          "IDEC8088",
          "POGO8021",
          "POGO8083",
          "POGO8101"
        ],
        "type": "minimum",
        "units": 18
      }
    ],
    "compulsory_courses": [
      "CRWF8000",
      "POGO8081",
      "POGO8082",
      "POGO8096"
    ]
  },
  "code": "7102SPOLAN",
  "year": 2014,
  "name": "Master of Public Policy (Policy Analysis)",
  "units": 48
}