{
  "required": {
    "x_from_here": [
      {
        "courses": [
          "LAWS8001",
          "LAWS8003",
          "LAWS8006",
          "LAWS8008",
          "LAWS8009",
          "LAWS8010",
          "LAWS8012",
          "LAWS8015",
          "LAWS8016",
          "LAWS8017",
          "LAWS8018",
          "LAWS8019",
          "LAWS8023",
          "LAWS8025",
          "LAWS8026",
          "LAWS8028",
          "LAWS8029",
          "LAWS8030",
          "LAWS8032",
          "LAWS8033",
          "LAWS8034",
          "LAWS8035",
          "LAWS8037",
          "LAWS8042",
          "LAWS8061",
          "LAWS8066",
          "LAWS8067",
          "LAWS8068",
          "LAWS8069",
          "LAWS8070",
          "LAWS8071",
          "LAWS8072",
          "LAWS8073",
          "LAWS8074",
          "LAWS8104",
          "LAWS8107",
          "LAWS8110",
          "LAWS8111",
          "LAWS8116",
          "LAWS8117",
          "LAWS8122",
          "LAWS8123",
          "LAWS8125",
          "LAWS8128",
          "LAWS8129",
          "LAWS8131",
          "LAWS8132",
          "LAWS8136",
          "LAWS8140",
          "LAWS8141",
          "LAWS8142",
          "LAWS8143",
          "LAWS8144",
          "LAWS8145",
          "LAWS8146",
          "LAWS8147",
          "LAWS8148",
          "LAWS8149",
          "LAWS8150",
          "LAWS8153",
          "LAWS8154",
          "LAWS8155",
          "LAWS8156",
          "LAWS8157",
          "LAWS8160",
          "LAWS8161",
          "LAWS8162",
          "LAWS8163",
          "LAWS8164",
          "LAWS8165",
          "LAWS8166",
          "LAWS8167",
          "LAWS8168",
          "LAWS8169",
          "LAWS8170",
          "LAWS8171",
          "LAWS8172",
          "LAWS8173",
          "LAWS8174",
          "LAWS8175",
          "LAWS8176",
          "LAWS8177",
          "LAWS8178",
          "LAWS8179",
          "LAWS8180",
          "LAWS8181",
          "LAWS8182",
          "LAWS8183",
          "LAWS8184",
          "LAWS8185",
          "LAWS8186",
          "LAWS8187",
          "LAWS8188",
          "LAWS8189",
          "LAWS8190",
          "LAWS8191",
          "LAWS8197",
          "LAWS8198",
          "LAWS8199",
          "LAWS8209",
          "LAWS8218",
          "LAWS8220",
          "LAWS8228",
          "LAWS8229",
          "LAWS8234",
          "LAWS8236",
          "LAWS8237",
          "LAWS8240",
          "LAWS8241",
          "LAWS8243",
          "LAWS8246",
          "LAWS8252",
          "LAWS8253",
          "LAWS8260",
          "LAWS8264",
          "LAWS8268",
          "LAWS8271",
          "LAWS8277",
          "LAWS8278",
          "LAWS8280",
          "LAWS8290",
          "LAWS8291",
          "LAWS8296",
          "LAWS8297",
          "LAWS8298",
          "LAWS8299",
          "LAWS8299",
          "LAWS8301",
          "LAWS8303",
          "LAWS8304",
          "LAWS8305",
          "LAWS8306",
          "LAWS8308",
          "LAWS8309",
          "LAWS8310",
          "LAWS8311",
          "LAWS8312",
          "LAWS8313",
          "LAWS8522",
          "LAWS8566",
          "LAWS8567",
          "LAWS8568",
          "LAWS8570",
          "LAWS8820",
          "LAWS8999",
          "STST8001",
          "STST8002",
          "STST8004",
          "STST8010",
          "STST8013",
          "STST8015",
          "STST8016",
          "STST8017",
          "STST8021",
          "STST8025",
          "STST8026",
          "STST8027",
          "STST8028",
          "STST8029",
          "STST8032",
          "STST8033",
          "STST8051",
          "STST8052",
          "STST8100",
          "STST8101",
          "STST8102",
          "STST8104",
          "STST8105",
          "STST8106",
          "STST8107",
          "STST8108",
          "STST8119"
        ],
        "type": "minimum",
        "units": 24
      }
    ],
    "compulsory_courses": [
      "LAWS8164",
      "LAWS8165",
      "LAWS8166",
      "LAWS8001"
    ]
  },
  "code": "7316XMMIL",
  "year": 2017,
  "name": "Master of Military Law",
  "units": 48
}