{
  "required": {
    "x_from_here": [
      {
        "courses": [
          "BUSN7021",
          "BUSN7054",
          "BUSN7057",
          "BUSN8007",
          "BUSN8013",
          "BUSN8016",
          "BUSN8018",
          "BUSN8056",
          "BUSN8110",
          "BUSN8801",
          "BUSN8802",
          "BUSN8803",
          "BUSN8804",
          "INFS7004",
          "INFS7040"
        ],
        "type": "maximum",
        "units": 48
      },
      {
        "courses": [
          "BUSN7005",
          "BUSN7006",
          "BUSN7017",
          "BUSN7031",
          "BUSN7036",
          "BUSN7045",
          "BUSN7050",
          "BUSN7052"
        ],
        "type": "minimum",
        "units": 24
      }
    ],
    "compulsory_courses": [
      "BUSN7008",
      "ECON8069",
      "FINM7006",
      "STAT7055"
    ]
  },
  "code": "7414XMACCT",
  "year": 2016,
  "name": "Master of Accounting",
  "units": 96
}