{
  "required": {
    "x_from_here": [
      {
        "courses": [
          "BUSN7021",
          "BUSN7049",
          "BUSN7054",
          "BUSN7057"
        ],
        "type": "minimum",
        "units": 18
      },
      {
        "courses": [
          "BUSN8007",
          "BUSN8102",
          "BUSN8801"
        ],
        "type": "maximum",
        "units": 12
      },
      {
        "courses": [
          "BUSN7005",
          "BUSN7006",
          "BUSN7017",
          "BUSN7031",
          "BUSN7036",
          "BUSN7045",
          "BUSN7050",
          "BUSN7052",
          "INFS7004"
        ],
        "type": "minimum",
        "units": 36
      }
    ],
    "compulsory_courses": [
      "BUSN7008",
      "ECON8069",
      "FINM7006",
      "STAT7055"
    ]
  },
  "code": "7414XMACCT",
  "year": 2017,
  "name": "Master of Accounting",
  "units": 96
}