{
  "required": {
    "x_from_here": [
      {
        "courses": [
          "SCOM8007",
          "SCOM8015",
          "SCOM8021",
          "SCOM8027",
          "SCOM8501",
          "SCOM8012",
          "SCOM6016"
        ],
        "type": "minimum",
        "units": 24
      }
    ],
    "compulsory_courses": [
      "SCOM8004",
      "SCOM8004",
      "SCOM8007",
      "SCOM8015"
    ]
  },
  "code": "7624XMSCO",
  "year": 2015,
  "name": "Master of Science Communication Outreach",
  "units": 48
}