{
  "required": {
    "x_from_here": [
      {
        "courses": [
          "EMDV8002",
          "EMDV8012"
        ],
        "type": "minimum",
        "units": 6
      },
      {
        "courses": [
          "ANTH8007",
          "ANTH8028",
          "ANTH8038",
          "ANTH8047",
          "CRWF8000",
          "CRWF8003",
          "CRWF8004",
          "CRWF8006",
          "CRWF8011",
          "CRWF8014",
          "CRWF8016",
          "DEMO8088",
          "EMDV8002",
          "EMDV8008",
          "EMDV8012",
          "EMDV8066",
          "EMDV8103",
          "EMDV8104",
          "HGEO8002",
          "IDEC8018",
          "IDEC8022",
          "IDEC8053",
          "IDEC8088",
          "LAWS8123",
          "LAWS8180",
          "LAWS8189",
          "POGO8004",
          "POGO8032",
          "POGO8076",
          "POGO8081",
          "POGO8082",
          "POGO8083",
          "POGO8095"
        ],
        "type": "minimum",
        "units": 24
      },
      {
        "courses": [
          "EMDV8103",
          "ANTH8028",
          "EMDV8008",
          "EMDV8066"
        ],
        "type": "minimum",
        "units": 6
      },
      {
        "courses": [
          "CRWF8000",
          "EMDV8104"
        ],
        "type": "minimum",
        "units": 6
      }
    ]
  },
  "code": "7804XMENVD",
  "year": 2014,
  "name": "Master of Environmental Management and Development",
  "units": 48
}