{
  "required": {
    "x_from_here": [
      {
        "courses": [
          "NSPO8004",
          "NSPO8010",
          "NSPO8013",
          "NSPO8014",
          "NSPO8015",
          "NSPO8016",
          "NSPO8017",
          "NSPO8018",
          "NSPO8019",
          "NSPO8022"
        ],
        "type": "minimum",
        "units": 6
      },
      {
        "courses": [
          "ANTH8032",
          "ANTH8043",
          "INTR8032",
          "INTR8062",
          "INTR8065",
          "MEAS8111",
          "NSPO8004",
          "NSPO8010",
          "NSPO8013",
          "NSPO8014",
          "NSPO8015",
          "NSPO8016",
          "NSPO8017",
          "NSPO8018",
          "NSPO8019",
          "NSPO8022",
          "STST8001",
          "STST8002",
          "STST8004",
          "STST8013",
          "STST8021",
          "STST8026",
          "STST8027",
          "STST8051",
          "STST8052"
        ],
        "type": "minimum",
        "units": 24
      }
    ],
    "compulsory_courses": [
      "NSPO8006",
      "NSPO8007",
      "POGO8045"
    ]
  },
  "code": "8210XMANSP",
  "year": 2014,
  "name": "Master of Advanced National Security Policy",
  "units": 72
}