{
  "one_from_each": [
    [
      {
        "options": [
          {
            "x_from_here": [
              {
                "courses": [
                  "ENGN3230",
                  "VCUG3001",
                  "VCUG3002"
                ],
                "type": "minimum",
                "units": 12
              }
            ]
          }
        ]
      },
      {
        "options": [
          {
            "x_from_category": [
              {
                "level": [
                  3000,
                  4000
                ],
                "type": "minimum",
                "units": 12,
                "area": [
                  "COMP"
                ]
              }
            ]
          }
        ]
      }
    ],
    [
      {
        "options": [
          {
            "x_from_category": [
              {
                "type": "minimum",
                "units": 6,
                "area": [
                  "COMP"
                ]
              }
            ]
          }
        ]
      },
      {
        "options": [
          {
            "x_from_here": [
              {
                "courses": [
                  "MATH1013",
                  "MATH1014",
                  "MATH1115",
                  "MATH1116",
                  "MATH2301",
                  "ENGN1211",
                  "STAT1008",
                  "STAT1003"
                ],
                "type": "minimum",
                "units": 6
              }
            ]
          }
        ]
      }
    ],
    [
      {
        "options": [
          {
            "x_from_here": [
              {
                "courses": [
                  "COMP4550"
                ],
                "type": "fixed",
                "units": 24
              }
            ]
          }
        ]
      },
      {
        "options": [
          {
            "x_from_here": [
              {
                "courses": [
                  "COMP4560"
                ],
                "type": "minimum",
                "units": 12
              }
            ]
          },
          {
            "x_from_category": [
              {
                "level": [
                  4000
                ],
                "type": "minimum",
                "units": 12,
                "area": [
                  "COMP"
                ]
              }
            ]
          }
        ]
      }
    ]
  ],
  "year": 2017,
  "name": "Bachelor of Advanced Computing (Honours)",
  "code": "AACOM",
  "required": {
    "max_by_level": [
      {
        "level": [
          1000
        ],
        "type": "maximum",
        "units": 60
      }
    ],
    "x_from_here": [
      {
        "courses": [
          "COMP1100",
          "COMP1130"
        ],
        "type": "minimum",
        "units": 6
      },
      {
        "courses": [
          "COMP1110",
          "COMP1140"
        ],
        "type": "minimum",
        "units": 6
      }
    ],
    "x_from_category": [
      {
        "type": "minimum",
        "units": 6,
        "area": [
          "COMP"
        ]
      },
      {
        "level": [
          3000,
          4000
        ],
        "type": "minimum",
        "units": 6,
        "area": [
          "COMP"
        ]
      }
    ],
    "compulsory_courses": [
      "COMP1600",
      "COMP2100",
      "COMP2120",
      "COMP2300",
      "COMP2310",
      "COMP2420",
      "COMP3600",
      "COMP4450",
      "MATH1005"
    ],
    "one_from_m/m/s": [
      [
        "INSY-SPEC",
        "SYAR-SPEC",
        "THCS-SPEC"
      ]
    ]
  },
  "units": 192
}