{
  "one_from_each": [
    [
      {
        "options": [
          {
            "x_from_here": [
              {
                "courses": [
                  "COMP4550"
                ],
                "type": "fixed",
                "units": 24
              }
            ]
          }
        ]
      },
      {
        "options": [
          {
            "x_from_here": [
              {
                "courses": [
                  "COMP4560"
                ],
                "type": "minimum",
                "units": 12
              }
            ]
          },
          {
            "x_from_category": [
              {
                "level": [
                  4000
                ],
                "type": "minimum",
                "units": 12,
                "area": [
                  "COMP"
                ]
              }
            ]
          }
        ]
      }
    ]
  ],
  "year": 2016,
  "name": "Bachelor of Advanced Computing (Honours)",
  "code": "AACOM",
  "required": {
    "max_by_level": [
      {
        "level": [
          1000
        ],
        "type": "maximum",
        "units": 60
      }
    ],
    "x_from_here": [
      {
        "courses": [
          "COMP1110",
          "COMP1140"
        ],
        "type": "minimum",
        "units": 6
      },
      {
        "courses": [
          "MATH1014",
          "MATH1116"
        ],
        "type": "minimum",
        "units": 6
      },
      {
        "courses": [
          "MATH1013",
          "MATH1115"
        ],
        "type": "minimum",
        "units": 6
      },
      {
        "courses": [
          "STAT1003",
          "STAT1008"
        ],
        "type": "minimum",
        "units": 6
      },
      {
        "courses": [
          "COMP1100",
          "COMP1130"
        ],
        "type": "minimum",
        "units": 6
      }
    ],
    "x_from_category": [
      {
        "type": "minimum",
        "units": 12,
        "area": [
          "COMP"
        ]
      }
    ],
    "compulsory_courses": [
      "COMP2100",
      "COMP2130",
      "COMP2300",
      "COMP2310",
      "COMP2600",
      "COMP3100",
      "COMP3120",
      "COMP3530",
      "COMP3600",
      "COMP3630",
      "ENGN1211",
      "MGMT3027",
      "COMP1100"
    ]
  },
  "units": 192
}