{
  "required": {
    "max_by_level": [
      {
        "level": [
          1000
        ],
        "type": "maximum",
        "units": 60
      }
    ],
    "x_from_here": [
      {
        "courses": [
          "THES4501",
          "THES4502"
        ],
        "type": "minimum",
        "units": 6
      },
      {
        "courses": [
          "ASIA4001",
          "STST4001"
        ],
        "type": "minimum",
        "units": 12
      }
    ]
  },
  "code": "APASP",
  "year": 2019,
  "name": "Bachelor of Philosophy (Honours) - Asia and the Pacific",
  "units": 10
}