{
  "required": {
    "max_by_level": [
      {
        "level": [
          1000
        ],
        "type": "maximum",
        "units": 60
      }
    ],
    "x_from_category": [
      {
        "courses": "Science List",
        "type": "minimum",
        "units": "6"
      },
      {
        "courses": "Science List",
        "level": [
          1000
        ],
        "type": "minimum",
        "units": 12
      },
      {
        "level": [
          3000
        ],
        "type": "minimum",
        "units": 18,
        "area": [
          "PSYC"
        ]
      }
    ],
    "compulsory_courses": [
      "PSYC1003",
      "PSYC1004",
      "PSYC2001",
      "PSYC2002",
      "PSYC2007",
      "PSYC2008",
      "PSYC2009",
      "PSYC3018",
      "PSYC3025",
      "PSYC3026"
    ]
  },
  "code": "APSYC",
  "year": 2017,
  "name": "Bachelor of Psychology (Honours)",
  "units": 192
}