{
  "one_from_each": [
    [
      {
        "options": [
          {
            "x_from_category": [
              {
                "level": [
                  3000,
                  4000
                ],
                "units": 12,
                "area": [
                  "COMP"
                ]
              }
            ]
          },
          {
            "x_from_here": [
              {
                "courses": [
                  "COMP4500"
                ],
                "units": 12
              }
            ]
          }
        ]
      },
      {
        "options": [
          {
            "x_from_here": [
              {
                "courses": [
                  "COMP4540"
                ],
                "units": 24
              }
            ]
          }
        ]
      }
    ]
  ],
  "year": 2014,
  "name": "Bachelor of Software Engineering (Honours)",
  "code": "ASENG",
  "required": {
    "max_by_level": [
      {
        "level": [
          1000
        ],
        "type": "maximum",
        "units": 60
      }
    ],
    "x_from_here": [
      {
        "courses": [
          "MATH1013",
          "MATH1115"
        ],
        "type": "minimum",
        "units": 6
      },
      {
        "courses": [
          "MATH1014",
          "MATH1116"
        ],
        "type": "minimum",
        "units": 6
      }
    ],
    "x_from_category": [
      {
        "units": 12,
        "area": [
          "ENGN",
          "BIOL",
          "MATH",
          "MEDI",
          "ENVS",
          "PHYS"
        ]
      },
      {
        "extras": [
          "VCUG3001"
        ],
        "level": [
          3000,
          4000
        ],
        "units": 12,
        "area": [
          "COMP"
        ]
      }
    ],
    "compulsory_courses": [
      "COMP1100",
      "COMP1510",
      "COMP2130",
      "COMP2300",
      "COMP2310",
      "COMP2400",
      "COMP2500",
      "COMP2600",
      "COMP3120",
      "COMP3500",
      "COMP3530",
      "COMP3600",
      "COMP4130",
      "COMP4800",
      "ENGN1211",
      "ENGN3230"
    ]
  },
  "units": 192
}