{
  "one_from_each": [
    [
      {
        "options": [
          {
            "x_from_category": [
              {
                "level": [
                  4000
                ],
                "units": 12,
                "area": [
                  "COMP"
                ]
              }
            ]
          },
          {
            "x_from_here": [
              {
                "courses": [
                  "COMP4500"
                ],
                "units": 12
              }
            ]
          }
        ]
      },
      {
        "options": [
          {
            "x_from_here": [
              {
                "courses": [
                  "COMP4540"
                ],
                "units": 24
              }
            ]
          }
        ]
      }
    ],
    [
      {
        "options": [
          {
            "x_from_here": [
              {
                "courses": [
                  "VCUG3001",
                  "VCUG3002"
                ],
                "type": "minimum",
                "units": 6
              }
            ]
          }
        ]
      },
      {
        "options": [
          {
            "x_from_category": [
              {
                "level": [
                  3000,
                  4000
                ],
                "type": "minimum",
                "units": 6,
                "area": [
                  "COMP"
                ]
              }
            ]
          }
        ]
      }
    ],
    [
      {
        "options": [
          {
            "x_from_here": [
              {
                "courses": [
                  "MATH1013",
                  "MATH1014",
                  "MATH1115",
                  "MATH1116",
                  "MATH2301",
                  "STAT1003",
                  "STAT1008"
                ],
                "type": "minimum",
                "units": 6
              }
            ]
          }
        ]
      },
      {
        "options": [
          {
            "x_from_category": [
              {
                "type": "minimum",
                "units": 6,
                "area": [
                  "COMP"
                ]
              }
            ]
          }
        ]
      }
    ]
  ],
  "year": 2018,
  "name": "Bachelor of Software Engineering (Honours)",
  "code": "ASENG",
  "required": {
    "max_by_level": [
      {
        "level": [
          1000
        ],
        "type": "maximum",
        "units": 60
      }
    ],
    "x_from_here": [
      {
        "courses": [
          "COMP1110",
          "COMP1140"
        ],
        "type": "minimum",
        "units": 6
      },
      {
        "courses": [
          "COMP1100",
          "COMP1130"
        ],
        "type": "minimum",
        "units": 6
      }
    ],
    "compulsory_courses": [
      "COMP1600",
      "COMP2100",
      "COMP2300",
      "COMP2310",
      "COMP2120",
      "COMP2420",
      "COMP3120",
      "COMP3500",
      "COMP3530",
      "COMP3600",
      "COMP4130",
      "COMP4450",
      "COMP4800",
      "ENGN1211",
      "ENGN3230",
      "MATH1005"
    ]
  },
  "units": 192
}