{
  "required": {
    "max_by_level": [
      {
        "level": [
          1000
        ],
        "type": "maximum",
        "units": 60
      }
    ],
    "x_from_here": [
      {
        "courses": "CBE List 1",
        "units": "6"
      },
      {
        "courses": [
          "BUSN2101",
          "BUSN2036",
          "INFS2005"
        ],
        "type": "minimum",
        "units": 12
      },
      {
        "courses": [
          "BUSN3002",
          "BUSN3003",
          "BUSN3006",
          "BUSN3008",
          "BUSN3014",
          "BUSN3017"
        ],
        "type": "minimum",
        "units": 18
      }
    ],
    "one_from_m/m/s": [
      [
        "BECE-MIN"
      ]
    ],
    "compulsory_courses": [
      "BUSN1002",
      "BUSN1101",
      "FINM1001",
      "BUSN2011",
      "BUSN2015",
      "BUSN3001"
    ]
  },
  "code": "BACCT",
  "year": 2014,
  "name": "Bachelor of Accounting",
  "units": 144
}