{
  "required": {
    "max_by_level": [
      {
        "level": [
          1000
        ],
        "type": "maximum",
        "units": 60
      }
    ],
    "x_from_here": [
      {
        "courses": [
          "ECON1100",
          "ECON1102"
        ],
        "type": "minimum",
        "units": 6
      },
      {
        "courses": [
          "ECON2102",
          "ECON2016",
          "ECON2112"
        ],
        "type": "minimum",
        "units": 6
      }
    ],
    "compulsory_courses": [
      "BUSN1001",
      "ECON1101",
      "STAT1008",
      "STAT2001",
      "STAT2005",
      "STAT2008",
      "STAT2032",
      "STAT3032",
      "STAT3035",
      "STAT3036",
      "STAT3037",
      "STAT3038"
    ]
  },
  "code": "BACTS",
  "year": 2017,
  "name": "Bachelor of Actuarial Studies",
  "units": 144
}