{
  "required": {
    "max_by_level": [
      {
        "level": [
          1000
        ],
        "type": "maximum",
        "units": 60
      }
    ],
    "x_from_here": [
      {
        "courses": [
          "STAT1003",
          "STAT1008"
        ],
        "type": "minimum",
        "units": 6
      },
      {
        "courses": [
          "COMP1110",
          "COMP1140"
        ],
        "type": "minimum",
        "units": 6
      },
      {
        "courses": [
          "COMP1100",
          "COMP1130",
          "COMP1730"
        ],
        "type": "minimum",
        "units": 6
      }
    ],
    "compulsory_courses": [
      "COMP2400",
      "COMP3425",
      "COMP3430",
      "DEMO2002",
      "SOCR1001",
      "SOCY2169",
      "SOCY2166",
      "SOCR3001",
      "STAT2001",
      "STAT2008",
      "STAT3011",
      "STAT3040"
    ]
  },
  "code": "BADAN",
  "year": 2019,
  "name": "Bachelor of Applied Data Analytics",
  "units": 144
}