{
  "required": {
    "max_by_level": [
      {
        "level": [
          1000
        ],
        "type": "maximum",
        "units": 60
      }
    ],
    "x_from_here": [
      {
        "courses": [
          "ARTH2039",
          "ARTH2043",
          "ARTH2044",
          "ARTH2045",
          "ARTH2050",
          "ARTH2052",
          "ARTH2055",
          "ARTH2056",
          "ARTH2057",
          "ARTH2059",
          "ARTH2061",
          "ARTH2080",
          "ARTH2081",
          "ARTH2082",
          "ARTH2093",
          "ARTH2097",
          "ARTH2098",
          "ARTH2102",
          "ARTV2018",
          "ARTV2030",
          "ARTV2031",
          "ARTV2050",
          "ARTV2052",
          "ARTV2053",
          "ARTV2054",
          "ARTV2055",
          "FILM2005"
        ],
        "type": "minimum",
        "units": 36
      },
      {
        "courses": [
          "ARTH2044",
          "ARTH2045",
          "ARTH2057"
        ],
        "type": "minimum",
        "units": 12
      }
    ],
    "compulsory_courses": [
      "ARTH1006",
      "ARTH1007",
      "ARTH3001",
      "ARTH2044"
    ]
  },
  "code": "BAHCR",
  "year": 2016,
  "name": "Bachelor of Art History and Curatorship",
  "units": 144
}