{
  "required": {
    "x_from_here": [
      {
        "courses": [
          "ASIA2026",
          "ASIA2031",
          "ASIA2045",
          "ASIA2065",
          "ASIA2070",
          "ASIA2109",
          "ASIA2516",
          "POLS2055"
        ],
        "type": "minimum",
        "units": 12
      }
    ],
    "compulsory_courses": [
      "ASIA1999",
      "INTR1021",
      "INTR3001",
      "INTR3002",
      "PASI1011",
      "PASI3001",
      "STST1001",
      "STST3002"
    ]
  },
  "code": "BAPAF",
  "year": 2019,
  "name": "Bachelor of Asia-Pacific Affairs",
  "units": 192
}