{
  "required": {
    "max_by_level": [
      {
        "level": [
          1000
        ],
        "type": "maximum",
        "units": 60
      }
    ],
    "x_from_here": [
      {
        "courses": [
          "ARCH2055",
          "ARCH2059"
        ],
        "type": "maximum",
        "units": 12
      },
      {
        "courses": [
          "ARCH2004",
          "ARCH2041",
          "ARCH2052",
          "ARCH2060",
          "ARCH2061",
          "BIAN2015",
          "HUMN2000",
          "HUMN2051"
        ],
        "type": "maximum",
        "units": 30
      }
    ],
    "compulsory_courses": [
      "ARCH1111",
      "ARCH1112"
    ]
  },
  "code": "BAPRC",
  "year": 2017,
  "name": "Bachelor of Archaeological Practice",
  "units": 144
}