{
  "required": {
    "max_by_level": [
      {
        "level": [
          1000
        ],
        "type": "maximum",
        "units": 60
      }
    ],
    "x_from_here": [
      {
        "courses": [
          "ASIA2056",
          "ASIA2065",
          "ASIA2070",
          "ASIA2074",
          "ASIA2081",
          "ASIA2165",
          "ASIA2251",
          "ASIA4016",
          "STST2001",
          "STST3001",
          "HIST2139",
          "POLS2043",
          "POLS2064",
          "POLS2094",
          "POLS2101",
          "POLS2104",
          "POLS2113",
          "POLS3001",
          "POLS3017",
          "POLS3025",
          "PHIL2113",
          "SOCY2038",
          "SOCY2043",
          "SOCY2101",
          "SOCY3123"
        ],
        "type": "minimum",
        "units": 12
      }
    ],
    "compulsory_courses": [
      "POLS8031",
      "POLS8032"
    ]
  },
  "code": "BAPSVMGLOB",
  "year": 2014,
  "name": "Bachelor of Asia-Pacific Studies/Master of Globalisation",
  "units": 192
}