{
  "required": {
    "max_by_level": [
      {
        "level": [
          1000
        ],
        "type": "maximum",
        "units": 60
      }
    ],
    "x_from_here": [
      {
        "courses": [
          "BIOL2171",
          "BIOL2142",
          "CHEM2208"
        ],
        "type": "minimum",
        "units": 12
      },
      {
        "courses": [
          "BIAN3014",
          "BIOL2202",
          "ENVS1003",
          "PSYC2009",
          "STAT1003",
          "STAT1008"
        ],
        "type": "minimum",
        "units": 6
      }
    ],
    "x_from_category": [
      {
        "level": [
          3000
        ],
        "type": "minimum",
        "units": 6,
        "area": [
          "BIOL"
        ]
      }
    ],
    "compulsory_courses": [
      "BIOL1003",
      "BIOL1004",
      "BIOL2161",
      "BIOL2162",
      "BIOL3161",
      "BIOL3191",
      "CHEM1101",
      "CHEM1201",
      "CHEM2211"
    ]
  },
  "code": "BBIOT",
  "year": 2018,
  "name": "Bachelor of Biotechnology",
  "units": 144
}