{
  "required": {
    "max_by_level": [
      {
        "level": [
          1000
        ],
        "type": "maximum",
        "units": 60
      }
    ],
    "x_from_category": [
      {
        "courses": "Science List",
        "level": [
          3000
        ],
        "type": "minimum",
        "units": 24
      }
    ],
    "compulsory_courses": [
      "BIOL1003",
      "BIOL1004",
      "CHEM1101",
      "CHEM1201",
      "BIOL2161",
      "BIOL2171",
      "BIOL2202",
      "BIOL2162",
      "BIOL2142",
      "BIOL3161",
      "BIOL3191",
      "LAWS3104"
    ]
  },
  "code": "BBIOT",
  "year": 2014,
  "name": "Bachelor of Biotechnology",
  "units": 144
}