{
  "required": {
    "max_by_level": [
      {
        "level": [
          1000
        ],
        "type": "maximum",
        "units": 60
      }
    ],
    "x_from_here": [
      {
        "courses": "CBE List 1",
        "units": "124"
      },
      {
        "courses": [
          "MGMT2003",
          "STAT1008"
        ],
        "type": "minimum",
        "units": 6
      },
      {
        "courses": [
          "ECON1100",
          "ECON1102"
        ],
        "type": "minimum",
        "units": 6
      }
    ],
    "compulsory_courses": [
      "BUSI2025",
      "BUSN1001",
      "ECON1101",
      "MGMT1003",
      "MGMT2030",
      "MGMT2100",
      "MGMT3015",
      "MGMT3021",
      "MGMT3027",
      "MKTG2004"
    ]
  },
  "code": "BBUSA",
  "year": 2019,
  "name": "Bachelor of Business Administration",
  "units": 144
}