{
  "required": {
    "max_by_level": [
      {
        "level": [
          1000
        ],
        "type": "maximum",
        "units": 60
      }
    ],
    "x_from_here": [
      {
        "courses": [
          "ANIP3005",
          "ENGL2081",
          "GEND2021",
          "LING2105",
          "POLS2096",
          "POLS2100",
          "SOCY2026",
          "SOCY2058",
          "SOCY2063",
          "SOCY3123"
        ],
        "type": "minimum",
        "units": 24
      }
    ],
    "compulsory_courses": [
      "SOCY1002",
      "SOCY1004",
      "SOCY1005",
      "ANTH2130",
      "BIAN2128",
      "PHIL2020",
      "PSYC2011",
      "SOCY2038",
      "SOCY2043",
      "SOCY2062",
      "SOCY2157",
      "SOCY3016"
    ]
  },
  "code": "BCRIM",
  "year": 2014,
  "name": "Bachelor of Criminology",
  "units": 144
}