{
  "required": {
    "max_by_level": [
      {
        "level": [
          1000
        ],
        "type": "maximum",
        "units": 60
      }
    ],
    "x_from_here": [
      {
        "courses": [
          "SOCY1002",
          "SOCY1004"
        ],
        "type": "minimum",
        "units": 6
      },
      {
        "courses": [
          "ANTH2130",
          "CRIM2000",
          "CRIM2002",
          "CRIM2004",
          "CRIM2005",
          "CRIM2006",
          "SOCY2026",
          "HIST2232",
          "PHIL2020",
          "POLS2100",
          "SOCY2157",
          "SOCY2160"
        ],
        "type": "minimum",
        "units": 36
      },
      {
        "courses": [
          "ANIP3005",
          "BIAN2128",
          "ENGL2081",
          "GEND2021",
          "LING2105",
          "POLS2096",
          "SOCY2063",
          "SOCY3123"
        ],
        "type": "minimum",
        "units": 12
      }
    ],
    "compulsory_courses": [
      "CRIM1001",
      "CRIM2001",
      "CRIM2003",
      "CRIM3001",
      "PSYC2011",
      "SOCY2038",
      "SOCY2043"
    ]
  },
  "code": "BCRIM",
  "year": 2015,
  "name": "Bachelor of Criminology",
  "units": 144
}