{
  "required": {
    "max_by_level": [
      {
        "level": [
          1000
        ],
        "type": "maximum",
        "units": 60
      }
    ],
    "x_from_here": [
      {
        "courses": "CBE List 1",
        "units": "18"
      },
      {
        "courses": [
          "ECON1100",
          "ECON1102"
        ],
        "type": "minimum",
        "units": 6
      },
      {
        "courses": [
          "ECON2102",
          "ECON2016",
          "ECON2112"
        ],
        "type": "minimum",
        "units": 6
      },
      {
        "courses": [
          "ECON2101",
          "ECON2111"
        ],
        "type": "minimum",
        "units": 6
      },
      {
        "courses": [
          "ECHI3008",
          "ECHI3018",
          "ECHI3009",
          "ECHI3019",
          "ECON2014",
          "ECON2026",
          "ECON2091",
          "ECON2120",
          "ECON2139",
          "ECON2141",
          "ECON2142"
        ],
        "type": "minimum",
        "units": 6
      }
    ],
    "compulsory_courses": [
      "ECON1101",
      "ECON3101",
      "ECON3102",
      "EMET1001",
      "EMET2007",
      "STAT1008"
    ]
  },
  "code": "BECON",
  "year": 2016,
  "name": "Bachelor of Economics",
  "units": 144
}