{
  "required": {
    "max_by_level": [
      {
        "level": [
          1000
        ],
        "type": "maximum",
        "units": 60
      }
    ],
    "x_from_category": [
      {
        "courses": "Science List",
        "type": "minimum",
        "units": "96"
      },
      {
        "courses": "Science List",
        "level": [
          3000
        ],
        "type": "minimum",
        "units": 36
      }
    ]
  },
  "code": "BENSU",
  "year": 2017,
  "name": "Bachelor of Environment and Sustainability",
  "units": 144
}