{
  "required": {
    "max_by_level": [
      {
        "level": [
          1000
        ],
        "type": "maximum",
        "units": 60
      }
    ],
    "x_from_here": [
      {
        "courses": "CBE List 1",
        "units": "6"
      },
      {
        "courses": [
          "EMET1001",
          "MATH1013",
          "MATH1115",
          "MKTG2003",
          "STAT2032"
        ],
        "type": "minimum",
        "units": 6
      },
      {
        "courses": [
          "ECON1100",
          "ECON1102"
        ],
        "type": "minimum",
        "units": 6
      },
      {
        "courses": [
          "ECON2101",
          "ECON2111"
        ],
        "type": "minimum",
        "units": 6
      }
    ],
    "one_from_m/m/s": [
      [
        "CPMK-MAJ",
        "QFIN-MAJ",
        "ACMK-MAJ"
      ]
    ],
    "compulsory_courses": [
      "BUSN1001",
      "ECON1101",
      "FINM1001",
      "STAT1008"
    ]
  },
  "code": "BFINN",
  "year": 2017,
  "name": "Bachelor of Finance",
  "units": 144
}