{
  "required": {
    "max_by_level": [
      {
        "level": [
          1000
        ],
        "type": "maximum",
        "units": 60
      }
    ],
    "x_from_here": [
      {
        "courses": [
          "STAT1003",
          "STAT1008"
        ],
        "type": "minimum",
        "units": 6
      },
      {
        "courses": [
          "BIOL2111",
          "BIOL2113",
          "BIOL2121",
          "BIOL2122",
          "BIOL2142",
          "BIOL2171",
          "BIOL2174",
          "BIOL2191",
          "BIOL2201",
          "BIOL2202",
          "BIAN2115",
          "BIAN2126",
          "MATH2307",
          "STAT2001"
        ],
        "type": "minimum",
        "units": 6
      },
      {
        "courses": [
          "BIOL1009",
          "COMP1100"
        ],
        "type": "minimum",
        "units": 6
      },
      {
        "courses": [
          "BIOL3125",
          "BIOL3141",
          "BIOL3144",
          "BIOL3177",
          "BIOL3191",
          "BIOL3193",
          "BIOL3206",
          "BIOL3208",
          "BIOL3209",
          "BIAN3016",
          "STAT3004",
          "STAT3008"
        ],
        "type": "minimum",
        "units": 12
      }
    ],
    "x_from_category": [
      {
        "courses": "Science List",
        "level": [
          3000
        ],
        "type": "minimum",
        "units": 36
      }
    ],
    "compulsory_courses": [
      "BIOL1003",
      "BIOL1004",
      "CHEM1101",
      "CHEM1201",
      "BIOL2151",
      "BIOL2161",
      "BIOL2162",
      "BIOL3157",
      "BIOL3161",
      "BIOL3204"
    ]
  },
  "code": "BGENE",
  "year": 2016,
  "name": "Bachelor of Genetics",
  "units": 144
}