{
  "required": {
    "max_by_level": [
      {
        "level": [
          1000
        ],
        "type": "maximum",
        "units": 60
      }
    ],
    "x_from_here": [
      {
        "courses": [
          "STAT1003",
          "STAT1008",
          "BIOL2001"
        ],
        "type": "minimum",
        "units": 6
      },
      {
        "courses": [
          "BIOL1009",
          "COMP1100"
        ],
        "type": "minimum",
        "units": 6
      }
    ],
    "x_from_category": [
      {
        "courses": "Science List",
        "level": [
          3000
        ],
        "type": "minimum",
        "units": 36
      }
    ],
    "compulsory_courses": [
      "BIOL1003",
      "BIOL1004",
      "CHEM1101",
      "CHEM1201",
      "BIOL2151",
      "BIOL2161",
      "BIOL2162",
      "BIOL2202",
      "BIOL3157",
      "BIOL3161",
      "BIOL3204"
    ]
  },
  "code": "BGENE",
  "year": 2017,
  "name": "Bachelor of Genetics",
  "units": 144
}