{
  "required": {
    "max_by_level": [
      {
        "level": [
          1000
        ],
        "type": "maximum",
        "units": 60
      }
    ],
    "x_from_here": [
      {
        "courses": [
          "BUSI2023",
          "BUSI2024",
          "BUSI2034",
          "BUSI2022"
        ],
        "type": "minimum",
        "units": 6
      },
      {
        "courses": [
          "BUSI2023",
          "BUSI2024",
          "BUSI2027",
          "BUSI2034",
          "BUSI2022",
          "BUSI3024",
          "BUSI3028",
          "BUSI3029",
          "BUSI3030",
          "MGMT3025"
        ],
        "type": "minimum",
        "units": 12
      },
      {
        "courses": [
          "BUSI3024",
          "MGMT3025"
        ],
        "type": "minimum",
        "units": 6
      }
    ],
    "compulsory_courses": [
      "BUSI2025",
      "BUSI3020"
    ]
  },
  "code": "BINBS",
  "year": 2016,
  "name": "Bachelor of International Business",
  "units": 144
}