{
  "required": {
    "max_by_level": [
      {
        "level": [
          1000
        ],
        "type": "maximum",
        "units": 60
      }
    ],
    "x_from_category": [
      {
        "courses": "Science List",
        "type": "minimum",
        "units": "24"
      }
    ],
    "compulsory_courses": [
      "MATH1115",
      "MATH1116",
      "MATH2222",
      "MATH2305",
      "MATH2320",
      "MATH2322"
    ]
  },
  "code": "BMASC",
  "year": 2017,
  "name": "Bachelor of Mathematical Sciences",
  "units": 144
}