{
  "required": {
    "max_by_level": [
      {
        "level": [
          1000
        ],
        "type": "maximum",
        "units": 60
      }
    ],
    "x_from_here": [
      {
        "courses": [
          "ANIP3003",
          "BUSI2024",
          "MEAS2000",
          "MEAS2001",
          "MEAS2002",
          "MEAS2003",
          "MEAS2004",
          "MEAS2105",
          "POLS2031",
          "POLS2069",
          "POLS2070"
        ],
        "type": "minimum",
        "units": 24
      }
    ],
    "compulsory_courses": [
      "MEAS1001",
      "MEAS1002",
      "MEAS3001",
      "MEAS3002"
    ]
  },
  "code": "BMECA",
  "year": 2018,
  "name": "Bachelor of Middle Eastern and Central Asian Studies",
  "units": 144
}