{
  "required": {
    "max_by_level": [
      {
        "level": [
          1000
        ],
        "type": "maximum",
        "units": 60
      }
    ],
    "x_from_here": [
      {
        "courses": [
          "BIAN3014",
          "BIOL2001",
          "BIOL2202",
          "ENVS1003",
          "PSYC2009"
        ],
        "type": "minimum",
        "units": 6
      },
      {
        "courses": [
          "BIOL2117",
          "BIOL2151",
          "BIOL2162",
          "BIOL2174"
        ],
        "type": "minimum",
        "units": 12
      }
    ],
    "compulsory_courses": [
      "BIOL1003",
      "BIOL1004",
      "BIOL2142",
      "BIOL2161",
      "BIOL2171",
      "BIOL3190",
      "CHEM1101",
      "CHEM1201"
    ]
  },
  "code": "BMEDS",
  "year": 2019,
  "name": "Bachelor of Medical Science",
  "units": 144
}