{
  "required": {
    "x_from_here": [
      {
        "courses": [
          "POLS2063",
          "POLS2094",
          "POLS2111",
          "POLS2114",
          "POLS2120",
          "POLS2125",
          "POLS2130"
        ],
        "type": "minimum",
        "units": 12
      },
      {
        "courses": [
          "CRIM2000",
          "ECHI1006",
          "ECHI2005",
          "ECON1102",
          "ECON2013",
          "ECON2014",
          "ECON2026",
          "ECON2120",
          "ECON2141",
          "EMET1001",
          "INDG3003"
        ],
        "type": "minimum",
        "units": 12
      },
      {
        "courses": [
          "PHIL2020",
          "PHIL2057",
          "PHIL2064",
          "PHIL2080",
          "PHIL2113",
          "PHIL2115",
          "PHIL3073"
        ],
        "type": "minimum",
        "units": 12
      }
    ],
    "compulsory_courses": [
      "ECON1101",
      "ECON2101",
      "ECON3056",
      "PHIL1004",
      "PHIL1005",
      "PHIL2116",
      "POLS1002",
      "POLS1005",
      "POLS1008"
    ]
  },
  "code": "BPPE",
  "year": 2015,
  "name": "Bachelor of Politics, Philosophy and Economics",
  "units": 144
}