{
  "required": {
    "max_by_level": [
      {
        "level": [
          1000
        ],
        "type": "maximum",
        "units": 60
      }
    ],
    "x_from_here": [
      {
        "courses": [
          "PHIL1008",
          "PHIL2020"
        ],
        "type": "minimum",
        "units": 6
      },
      {
        "courses": [
          "CRIM2001",
          "CRIM2003",
          "CRIM2004",
          "DEMO2001",
          "DEMO2002",
          "DEMO2003",
          "ENVS3001",
          "ENVS3020",
          "ENVS3028",
          "ENVS3033",
          "LING2022",
          "POLS3031",
          "POLS2043",
          "POLS2111",
          "POLS2114",
          "POLS2121",
          "POLS2130",
          "POLS3038",
          "POLS3039",
          "SOCY2021",
          "SOCY2022",
          "SOCY2055",
          "SOCY2057",
          "STST2001",
          "STST2003",
          "STST3002",
          "STST3003"
        ],
        "type": "minimum",
        "units": 30
      },
      {
        "courses": [
          "ANIP3003",
          "ANIP3005",
          "POLS3022",
          "SOCY3001",
          "SOCY3030"
        ],
        "type": "minimum",
        "units": 12
      },
      {
        "courses": [
          "PHIL2115",
          "PHIL2122",
          "POLS2063",
          "POLS2119",
          "POLS2120"
        ],
        "type": "minimum",
        "units": 12
      },
      {
        "courses": [
          "POLS2044",
          "SOCY2038"
        ],
        "type": "minimum",
        "units": 6
      }
    ],
    "compulsory_courses": [
      "ECON1101",
      "INDG3001",
      "POLS2009",
      "SOCR3001",
      "SOCY2043",
      "SOCY2101"
    ]
  },
  "code": "BPPOL",
  "year": 2019,
  "name": "Bachelor of Public Policy",
  "units": 144
}