{
  "required": {
    "max_by_level": [
      {
        "level": [
          1000
        ],
        "type": "maximum",
        "units": 60
      }
    ],
    "x_from_here": [
      {
        "courses": [
          "ENVS3007",
          "ENVS3010",
          "ENVS3039",
          "ENVS3040"
        ],
        "type": "minimum",
        "units": 6
      }
    ],
    "x_from_category": [
      {
        "courses": "Science List",
        "type": "minimum",
        "units": "6"
      }
    ],
    "compulsory_courses": [
      "ENVS1001",
      "ENVS1003",
      "ENVS1004",
      "ENVS2003",
      "ENVS2004",
      "ENVS2007",
      "ENVS2010",
      "ENVS2015",
      "ENVS2021",
      "ENVS3008",
      "ENVS3014",
      "ENVS3028",
      "ENVS3041"
    ]
  },
  "code": "BSFOR",
  "year": 2016,
  "name": "Bachelor of Science (Forest Sciences)",
  "units": 144
}