{
  "required": {
    "max_by_level": [
      {
        "level": [
          1000
        ],
        "type": "maximum",
        "units": 60
      }
    ],
    "x_from_here": [
      {
        "courses": [
          "BIOL1003",
          "ENVS1001",
          "ENVS1003",
          "ENVS1004"
        ],
        "type": "minimum",
        "units": 18
      },
      {
        "courses": [
          "EMSC1006",
          "ENVS1008"
        ],
        "type": "minimum",
        "units": 6
      },
      {
        "courses": [
          "EMSC2016",
          "ENVS2007",
          "ENVS2011",
          "ENVS2013"
        ],
        "type": "minimum",
        "units": 6
      },
      {
        "courses": [
          "ENVS3007",
          "ENVS3028"
        ],
        "type": "minimum",
        "units": 6
      },
      {
        "courses": [
          "ENVS2014",
          "ENVS2015"
        ],
        "type": "minimum",
        "units": 6
      }
    ],
    "x_from_category": [
      {
        "courses": "Science List",
        "type": "minimum",
        "units": "6"
      }
    ]
  },
  "code": "BSREM",
  "year": 2015,
  "name": "Bachelor of Science (Resource and Environmental Management)",
  "units": 144
}