{
  "required": {
    "max_by_level": [
      {
        "level": [
          1000
        ],
        "type": "maximum",
        "units": 60
      }
    ],
    "x_from_here": [
      {
        "courses": [
          "ARTV1032",
          "COMP1720"
        ],
        "type": "minimum",
        "units": 6
      }
    ],
    "compulsory_courses": [
      "ARTV1020",
      "ARTV1021",
      "ARTV1022"
    ]
  },
  "code": "BVART",
  "year": 2015,
  "name": "Bachelor of Visual Arts",
  "units": 144
}