{
  "required": {
    "x_from_here": [
      {
        "courses": [
          "COMP8410",
          "COMP8430",
          "SOCR8201",
          "SOCR8202",
          "STAT6039",
          "STAT7026",
          "STAT7040"
        ],
        "type": "minimum",
        "units": 24
      }
    ],
    "compulsory_courses": [
      "COMP7230",
      "COMP7240",
      "STAT7055",
      "STAT7001"
    ]
  },
  "code": "DADAN",
  "year": 2016,
  "name": "Graduate Diploma of Applied Data Analytics",
  "units": 48
}