{
  "required": {
    "x_from_here": [
      {
        "courses": [
          "ANUC1100",
          "ANUC1104"
        ],
        "type": "minimum",
        "units": 6
      },
      {
        "courses": [
          "ANUC1123",
          "ANUC1124"
        ],
        "type": "minimum",
        "units": 6
      }
    ],
    "compulsory_courses": [
      "ANUC1101",
      "ANUC1113",
      "ANUC1120",
      "ANUC1121",
      "ANUC1122",
      "ANUC1710"
    ]
  },
  "code": "EDESN",
  "year": 2017,
  "name": "Diploma of Creative Design",
  "units": 48
}