{
  "required": {
    "x_from_here": [
      {
        "courses": [
          "COMP4300",
          "COMP4330",
          "COMP4340",
          "COMP4600",
          "COMP4610",
          "COMP4620",
          "COMP4630",
          "COMP4650",
          "COMP4660",
          "COMP4670",
          "COMP4680",
          "HONS4700"
        ],
        "type": "minimum",
        "units": 18
      }
    ],
    "compulsory_courses": [
      "COMP4450",
      "COMP4550",
      "COMP4300",
      "COMP4330",
      "COMP4340"
    ]
  },
  "code": "HIT",
  "year": 2019,
  "name": "Bachelor of Information Technology (Honours)",
  "units": 48
}