{
  "required": {
    "x_from_here": [
      {
        "courses": [
          "CLAS4006",
          "ENGL4020",
          "ENGL4021",
          "LANG4004",
          "LING4009",
          "LING4010"
        ],
        "type": "minimum",
        "units": 12
      },
      {
        "courses": [
          "LANG4002",
          "LANG4003",
          "LANG4004",
          "LING4009",
          "LING4010",
          "LING4011",
          "LING4012"
        ],
        "type": "minimum",
        "units": 12
      }
    ]
  },
  "code": "HLANG",
  "year": 2016,
  "name": "Bachelor of Languages (Honours)",
  "units": 48
}