{
  "required": {
    "x_from_here": [
      {
        "courses": [
          "MUSI4404",
          "MUSI4405",
          "MUSI4406",
          "MUSI4407"
        ],
        "type": "minimum",
        "units": 12
      },
      {
        "courses": [
          "MUSI4404",
          "MUSI4407",
          "MUSI4409"
        ],
        "type": "minimum",
        "units": 12
      }
    ],
    "compulsory_courses": [
      "MUSI4401",
      "MUSI4402",
      "THES4105",
      "MUSI4404",
      "MUSI4407",
      "MUSI4409"
    ]
  },
  "code": "HMUSI",
  "year": 2015,
  "name": "Bachelor of Music (Honours)",
  "units": 48
}