{
  "required": {
    "x_from_here": [
      {
        "courses": [
          "ARTH6045",
          "ARTH6057",
          "ARTH8012",
          "ARTH8013"
        ],
        "type": "minimum",
        "units": 24
      },
      {
        "courses": [
          "ARTH6027",
          "ARTH6039",
          "ARTH6043",
          "ARTH6044",
          "ARTH6050",
          "ARTH6052",
          "ARTH6055",
          "ARTH6056",
          "ARTH6059",
          "ARTH6061",
          "ARTH6093",
          "ARTH6097",
          "ARTH6504",
          "ARTH6598",
          "ARTH8004",
          "ARTH8014",
          "ARTH8015",
          "ARTH8016",
          "ASIA6073",
          "MUSC8008"
        ],
        "type": "maximum",
        "units": 48
      }
    ]
  },
  "code": "MAHCS",
  "year": 2015,
  "name": "Master of Art History and Curatorial Studies",
  "units": 96
}