{
  "required": {
    "x_from_here": [
      {
        "courses": [
          "ARTH8020",
          "ARTH8021",
          "ARTH8022",
          "ARTH8004",
          "ARTH8014",
          "ARTH8015",
          "ARTH8016",
          "HUMN8034",
          "MUSC8018"
        ],
        "type": "minimum",
        "units": 12
      },
      {
        "courses": [
          "ARTH6045",
          "ARTH6057",
          "ARTH8012"
        ],
        "type": "minimum",
        "units": 24
      },
      {
        "courses": [
          "ARTH6004",
          "ARTH6043",
          "ARTH6044",
          "ARTH6050",
          "ARTH6052",
          "ARTH6056",
          "ARTH6059",
          "ARTH6061",
          "ARTH6080",
          "ARTH6081",
          "ARTH6082",
          "ARTH6093",
          "ARTH6097",
          "ARTH6598",
          "ARTH6160",
          "ARTH6161",
          "ARTH6162",
          "ARTH6163",
          "ARTH6164",
          "ARTH6165",
          "ARTH6167",
          "ARTH6168",
          "ARTH6169",
          "ARTH6170",
          "ARTH6171"
        ],
        "type": "minimum",
        "units": 24
      }
    ]
  },
  "code": "MAHCS",
  "year": 2019,
  "name": "Master of Art History and Curatorial Studies",
  "units": 96
}