{
  "required": {
    "x_from_here": [
      {
        "courses": [
          "ANTH6004",
          "ANTH6009",
          "ANTH6017",
          "ANTH6025",
          "ANTH6026",
          "ANTH6057",
          "ANTH6134",
          "ANTH6138",
          "ANTH6515",
          "ANTH6516",
          "ANTH6518",
          "ANTH6519",
          "ESEN6101"
        ],
        "type": "minimum",
        "units": 18
      },
      {
        "courses": [
          "ANTH6002",
          "ANTH6003"
        ],
        "type": "minimum",
        "units": 6
      }
    ]
  },
  "code": "MANTH",
  "year": 2019,
  "name": "Master of Anthropology",
  "units": 96
}