{
  "required": {
    "x_from_here": [
      {
        "courses": [
          "EMET8001",
          "EMET8010"
        ],
        "type": "minimum",
        "units": 6
      },
      {
        "courses": [
          "ECON8901",
          "ECHI8011",
          "ECON8001",
          "ECON8002",
          "ECON8003",
          "ECON8006",
          "ECON8008",
          "ECON8009",
          "ECON8010",
          "ECON8013",
          "ECON8014",
          "ECON8015",
          "ECON8018",
          "ECON8021",
          "ECON8034",
          "ECON8037",
          "ECON8038",
          "ECON8039",
          "ECON8040",
          "ECON8041",
          "ECON8047",
          "ECON8049",
          "ECON8050",
          "ECON8053",
          "ECON8070",
          "ECON8091",
          "EMET8010",
          "EMET8012",
          "EMET8014",
          "ECON8013",
          "ECON8025",
          "ECON8026",
          "EMET8005"
        ],
        "type": "minimum",
        "units": 30
      }
    ],
    "compulsory_courses": [
      "ECON7073",
      "ECON7074",
      "EMET7001",
      "STAT7055",
      "ECON8025",
      "ECON8026",
      "ECON8013",
      "EMET8005"
    ]
  },
  "code": "MAPEC",
  "year": 2017,
  "name": "Master of Applied Economics",
  "units": 96
}