{
  "required": {
    "x_from_here": [
      {
        "courses": [
          "ARCH6004",
          "ARCH6005"
        ],
        "type": "minimum",
        "units": 6
      },
      {
        "courses": [
          "ARCH8029",
          "ARCH8030"
        ],
        "type": "minimum",
        "units": 6
      },
      {
        "courses": [
          "ARCH6004",
          "ARCH6005",
          "ARCH6041",
          "ARCH8002",
          "ARCH8031",
          "ARCH8033",
          "ARCH8034",
          "ARCH8036",
          "ARCH8038",
          "BIAN6510",
          "BIAN6512",
          "BIAN6515",
          "BIAN6517",
          "BIAN6518",
          "ENVS6015",
          "ENVS6023",
          "ENVS6312",
          "ENVS6529",
          "HUMN8008",
          "HUMN8016"
        ],
        "type": "minimum",
        "units": 18
      }
    ],
    "compulsory_courses": [
      "ARCH8032",
      "ARCH8037",
      "ARCH8040",
      "ARCH8102",
      "ARCH8103",
      "ARCH6004"
    ]
  },
  "code": "MARSC",
  "year": 2015,
  "name": "Master of Archaeological Science",
  "units": 96
}