{
  "required": {
    "x_from_here": [
      {
        "courses": [
          "ANTH6026",
          "ANTH6064",
          "ARCH6041",
          "ARCH6108",
          "ARCH6521",
          "BIAN6018",
          "BIAN6119",
          "BIAN6120",
          "BIAN6124",
          "BIAN6510",
          "BIAN6512",
          "BIAN6513",
          "BIAN6514",
          "BIAN6515",
          "BIAN6518",
          "BIAN6519",
          "BIAN6520",
          "BIAN8009",
          "BIAN8010",
          "MUSC8004"
        ],
        "type": "minimum",
        "units": 36
      },
      {
        "courses": [
          "BIAN8002",
          "BIAN8003",
          "BIAN8005"
        ],
        "type": "maximum",
        "units": 12
      }
    ]
  },
  "code": "MBIAN",
  "year": 2017,
  "name": "Master of Biological Anthropology",
  "units": 96
}