{
  "required": {
    "x_from_here": [
      {
        "courses": [
          "BIAN6013",
          "BIAN6115",
          "BIAN6514",
          "BIAN6517"
        ],
        "type": "minimum",
        "units": 12
      },
      {
        "courses": [
          "ANTH6026",
          "ANTH6064",
          "ARCH6108",
          "ARCH6521",
          "BIAN6018",
          "BIAN6119",
          "BIAN6120",
          "BIAN6124",
          "BIAN6510",
          "BIAN6512",
          "BIAN6513",
          "BIAN6514",
          "BIAN6515",
          "BIAN6516",
          "BIAN6518",
          "BIAN6519",
          "BIAN6520",
          "BIAN8002",
          "BIAN8003",
          "BIAN8005",
          "MUSC8004"
        ],
        "type": "minimum",
        "units": 24
      }
    ]
  },
  "code": "MBIAN",
  "year": 2016,
  "name": "Master of Biological Anthropology",
  "units": 96
}