{
  "required": {
    "x_from_here": [
      {
        "courses": [
          "CLAS8002",
          "CLAS8003"
        ],
        "type": "minimum",
        "units": 12
      },
      {
        "courses": [
          "ANCH6013",
          "ANCH6023",
          "ANCH6101",
          "ANCH6502",
          "ANCH6504",
          "ANCH6505",
          "ANCH6506",
          "CLAS8018",
          "CLAS8019",
          "CLAS8020",
          "GREK6101",
          "GREK6125",
          "LATN6101",
          "LATN6125"
        ],
        "type": "maximum",
        "units": 48
      },
      {
        "courses": [
          "GREK6112",
          "LATN6002"
        ],
        "type": "minimum",
        "units": 6
      }
    ]
  },
  "code": "MCLAS",
  "year": 2015,
  "name": "Master of Classical Studies",
  "units": 96
}