{
  "required": {
    "x_from_here": [
      {
        "courses": [
          "ANIP6503",
          "CRWF7000",
          "CRWF8019",
          "POGO8004",
          "POGO8015",
          "POGO8025",
          "POGO8029",
          "POGO8035"
        ],
        "type": "minimum",
        "units": 18
      }
    ],
    "compulsory_courses": [
      "POGO8081",
      "POGO8500",
      "POGO8504",
      "POGO8505",
      "POGO8506"
    ]
  },
  "code": "MEMPP",
  "year": 2018,
  "name": "Executive Master of Public Policy",
  "units": 48
}