{
  "required": {
    "x_from_here": [
      {
        "courses": [
          "CRWF8000",
          "ECON8040",
          "EMDV8078",
          "EMDV8079",
          "EMDV8080",
          "EMDV8081",
          "EMDV8104",
          "EMDV8108",
          "ENVS6033",
          "ENVS6315",
          "ENVS6528",
          "IDEC8017",
          "IDEC8018",
          "IDEC8053",
          "IDEC8088",
          "LAWS8123",
          "LAWS8146",
          "LAWS8189",
          "LAWS8280"
        ],
        "type": "minimum",
        "units": 6
      },
      {
        "courses": [
          "EMDV8026",
          "ENVS6022",
          "ENVS6024",
          "ENVS6026",
          "ENVS6201",
          "ENVS6204",
          "ENVS6218",
          "ENVS6223",
          "ENVS6303",
          "ENVS6304",
          "ENVS6307",
          "ENVS6308",
          "ENVS6311",
          "ENVS6312",
          "ENVS6514",
          "ENVS6529",
          "ENVS6555",
          "ENVS8003",
          "ENVS8015"
        ],
        "type": "minimum",
        "units": 6
      },
      {
        "courses": [
          "ENVS6025",
          "ENVS6306",
          "ENVS8048",
          "ENVS8049"
        ],
        "type": "minimum",
        "units": 6
      },
      {
        "courses": [
          "ANTH8007",
          "ANTH8008",
          "ANTH8009",
          "ANTH8014",
          "ANTH8019",
          "ANTH8021",
          "ANTH8028",
          "ANTH8030",
          "ANTH8038",
          "ANTH8042",
          "ANTH8047",
          "EMDV8001",
          "EMDV8007",
          "EMDV8101",
          "ENVS6005",
          "ENVS6013",
          "ENVS6017",
          "ENVS6020",
          "ENVS6021",
          "ENVS6108",
          "ENVS6205",
          "ENVS6301",
          "POGO8008",
          "POGO8061"
        ],
        "type": "minimum",
        "units": 6
      },
      {
        "courses": [
          "ANTH8019",
          "EMDV8002",
          "EMDV8102",
          "EMDV8103",
          "ENVS6014",
          "ENVS6015",
          "ENVS6103",
          "ENVS6202",
          "ENVS6315",
          "MATH6102",
          "MATH6103"
        ],
        "type": "minimum",
        "units": 6
      }
    ]
  },
  "code": "MENVI",
  "year": 2016,
  "name": "Master of Environment",
  "units": 96
}