{
  "required": {
    "x_from_here": [
      {
        "courses": [
          "VCPG6200"
        ],
        "type": "minimum",
        "units": 12
      },
      {
        "courses": [
          "ENVS6014",
          "ENVS6103",
          "HUMN6003",
          "MGMT8006",
          "MGMT8018",
          "MGMT8019",
          "POPH8315",
          "SOCY8101",
          "STAT6006"
        ],
        "type": "minimum",
        "units": 6
      }
    ],
    "compulsory_courses": [
      "MGMT8015",
      "VCPG6001",
      "VCPG6004"
    ]
  },
  "code": "MINPP",
  "year": 2018,
  "name": "Master of Innovation and Professional Practice",
  "units": 96
}