{
  "required": {
    "x_from_here": [
      {
        "courses": [
          "INTR8045",
          "INTR8046",
          "INTR8053",
          "INTR8055",
          "INTR8060",
          "INTR8062",
          "INTR8064",
          "INTR8068",
          "INTR8070",
          "MEAS8111",
          "MEAS8112",
          "MEAS8115",
          "NSPO8006",
          "NSPO8010",
          "NSPO8015",
          "NSPO8016",
          "NSPO8017",
          "POGO8045",
          "POLS8003",
          "POLS8031",
          "POLS8032"
        ],
        "type": "minimum",
        "units": 66
      }
    ],
    "compulsory_courses": [
      "INTR8011",
      "INTR8013",
      "INTR8032",
      "INTR8036",
      "INTR8065"
    ]
  },
  "code": "MINTR",
  "year": 2015,
  "name": "Master of International Relations",
  "units": 96
}