{
  "required": {
    "x_from_here": [
      {
        "courses": [
          "LAWS4010",
          "LAWS4230",
          "LAWS4240",
          "LAWS4267",
          "LAWS4268",
          "LAWS8301"
        ],
        "type": "minimum",
        "units": 6
      }
    ],
    "compulsory_courses": [
      "LAWS6101",
      "LAWS6102",
      "LAWS6103",
      "LAWS6104",
      "LAWS6105",
      "LAWS6106",
      "LAWS6201",
      "LAWS6202",
      "LAWS6203",
      "LAWS6204",
      "LAWS6205",
      "LAWS6207",
      "LAWS6244",
      "LAWS6249",
      "LAWS6250"
    ]
  },
  "code": "MJD",
  "year": 2015,
  "name": "Juris Doctor",
  "units": 144
}