{
  "required": {
    "x_from_here": [
      {
        "courses": [
          "MUSI7001",
          "MUSI7002",
          "MUSI8003",
          "MUSI8005",
          "MUSI8007",
          "MUSI8008",
          "MUSI8009",
          "MUSI8010"
        ],
        "type": "minimum",
        "units": 30
      },
      {
        "courses": [
          "MUSI7001",
          "MUSI7002",
          "MUSI8007",
          "MUSI8008",
          "MUSI8009",
          "MUSI8010"
        ],
        "type": "minimum",
        "units": 18
      }
    ],
    "compulsory_courses": [
      "MUSI7003",
      "MUSI8001",
      "MUSI8002"
    ]
  },
  "code": "MMUSI",
  "year": 2016,
  "name": "Master of Music",
  "units": 96
}