{
  "required": {
    "x_from_here": [
      {
        "courses": [
          "CHMD8001",
          "CHMD8004",
          "CHMD8005",
          "CHMD8006",
          "CHMD8008",
          "CHMD8009",
          "CHMD8010",
          "CHMD8011",
          "DEMO8008",
          "DEMO8079",
          "EMDV8001",
          "IDEC8007",
          "INDG8001",
          "LAWS8237",
          "MEDI8115",
          "MEDI8116",
          "MEDN8000",
          "MGMT7030",
          "NSPO8001",
          "NSPO8013",
          "POGO8029",
          "POPH8313",
          "POPH8316",
          "POPH8317",
          "POPH8318",
          "POPM8001"
        ],
        "type": "maximum",
        "units": 66
      },
      {
        "courses": [
          "CHMD8004",
          "POPH8105",
          "POPH8315"
        ],
        "type": "minimum",
        "units": 6
      }
    ],
    "compulsory_courses": [
      "POPH8103",
      "POPH8104",
      "POPH8100",
      "POPH8101"
    ]
  },
  "code": "MPUBH",
  "year": 2015,
  "name": "Master of Public Health",
  "units": 96
}