{
  "required": {
    "x_from_here": [
      {
        "courses": [
          "STAT6043",
          "STAT6045",
          "STAT7042",
          "STAT8035",
          "STAT8036",
          "STAT8053",
          "STAT8056",
          "EMET8002",
          "EMET8008",
          "EMET8012"
        ],
        "type": "minimum",
        "units": 24
      },
      {
        "courses": [
          "STAT6038",
          "STAT6039",
          "STAT6046",
          "STAT7018",
          "STAT7029",
          "STAT7030",
          "STAT8002",
          "STAT8003",
          "STAT8027",
          "EMET8005"
        ],
        "type": "minimum",
        "units": 36
      }
    ]
  },
  "code": "MSTAT",
  "year": 2015,
  "name": "Master of Statistics",
  "units": 96
}