{
  "required": {
    "x_from_here": [
      {
        "courses": [
          "STAT7006",
          "STAT7016",
          "STAT7017",
          "STAT7018",
          "STAT7029",
          "STAT7042",
          "STAT8002",
          "STAT8003",
          "STAT8035",
          "STAT8036",
          "STAT8056"
        ],
        "type": "minimum",
        "units": 24
      }
    ],
    "compulsory_courses": [
      "STAT6038",
      "STAT6039",
      "STAT7001",
      "STAT7004",
      "STAT7026",
      "STAT7030",
      "STAT7040",
      "STAT8027"
    ]
  },
  "code": "MSTAT",
  "year": 2019,
  "name": "Master of Statistics",
  "units": 96
}