{
  "required": {
    "x_from_here": [
      {
        "courses": [
          "ENGN6513",
          "ENGN6625"
        ],
        "type": "minimum",
        "units": 6
      }
    ],
    "compulsory_courses": [
      "ENGN6213",
      "ENGN6536",
      "ENGN6537",
      "ENGN8100",
      "ENGN8120",
      "ENGN8150",
      "ENGN8160",
      "ENGN8534",
      "ENGN8537",
      "ENGN8538",
      "ENGN8637"
    ]
  },
  "code": "NDSTE",
  "year": 2015,
  "name": "Master of Engineering in Digital Systems and Telecommunications",
  "units": 96
}