{
  "required": {
    "x_from_here": [
      {
        "courses": [
          "ENGN6224",
          "ENGN6334",
          "ENGN6525",
          "PHYS6301"
        ],
        "type": "minimum",
        "units": 12
      }
    ],
    "compulsory_courses": [
      "ENGN6250",
      "ENGN8260",
      "ENGN8100",
      "ENGN8120",
      "ENGN8170",
      "ENGN6524",
      "ENGN6516",
      "ENGN8830",
      "ENGN8831",
      "ENGN8832",
      "ENGN8833",
      "ENGN6224"
    ]
  },
  "code": "NENRE",
  "year": 2019,
  "name": "Master of Engineering in Renewable Energy",
  "units": 96
}