{
  "required": {
    "x_from_here": [
      {
        "courses": [
          "LAWS8003",
          "LAWS8009",
          "LAWS8016",
          "LAWS8018",
          "LAWS8033",
          "LAWS8034",
          "LAWS8068",
          "LAWS8070",
          "LAWS8072",
          "LAWS8104",
          "LAWS8110",
          "LAWS8116",
          "LAWS8117",
          "LAWS8125",
          "LAWS8128",
          "LAWS8131",
          "LAWS8140",
          "LAWS8141",
          "LAWS8142",
          "LAWS8143",
          "LAWS8144",
          "LAWS8146",
          "LAWS8154",
          "LAWS8155",
          "LAWS8156",
          "LAWS8157",
          "LAWS8171",
          "LAWS8187",
          "LAWS8218",
          "LAWS8220",
          "LAWS8228",
          "LAWS8229",
          "LAWS8237",
          "LAWS8239",
          "LAWS8240",
          "LAWS8241",
          "LAWS8243",
          "LAWS8246",
          "LAWS8248",
          "LAWS8271",
          "LAWS8310",
          "LAWS8311",
          "LAWS8334",
          "LAWS8522",
          "LAWS8254",
          "LAWS8570",
          "LAWS8585",
          "LAWS8588",
          "LAWS8589",
          "LAWS8590",
          "LAWS8301",
          "LAWS8593",
          "LAWS8592",
          "LAWS8584",
          "LAWS8317",
          "LAWS8076",
          "LAWS8323",
          "LAWS8328"
        ],
        "type": "minimum",
        "units": 30
      }
    ]
  },
  "code": "NLLGR",
  "year": 2018,
  "name": "Master of Laws in Government and Regulation",
  "units": 48
}