{
  "required": {
    "x_from_here": [
      {
        "courses": [
          "LAWS8003",
          "LAWS8006",
          "LAWS8008",
          "LAWS8009",
          "LAWS8010",
          "LAWS8016",
          "LAWS8019",
          "LAWS8028",
          "LAWS8032",
          "LAWS8042",
          "LAWS8067",
          "LAWS8069",
          "LAWS8071",
          "LAWS8312",
          "LAWS8578",
          "LAWS8583",
          "LAWS8594",
          "LAWS8301"
        ],
        "type": "minimum",
        "units": 24
      }
    ],
    "x_from_category": [
      {
        "level": [
          8000
        ],
        "type": "maximum",
        "units": 12,
        "area": [
          "LAWS"
        ]
      }
    ]
  },
  "code": "NLLGD",
  "year": 2016,
  "name": "Master of Laws in Law, Governance and Development",
  "units": 48
}