{
  "required": {
    "x_from_here": [
      {
        "courses": [
          "LAWS6258",
          "LAWS8003",
          "LAWS8008",
          "LAWS8009",
          "LAWS8010",
          "LAWS8019",
          "LAWS8023",
          "LAWS8032",
          "LAWS8035",
          "LAWS8066",
          "LAWS8073",
          "LAWS8122",
          "LAWS8129",
          "LAWS8136",
          "LAWS8144",
          "LAWS8178",
          "LAWS8179",
          "LAWS8180",
          "LAWS8184",
          "LAWS8229",
          "LAWS8234",
          "LAWS8247",
          "LAWS8252",
          "LAWS8253",
          "LAWS8264",
          "LAWS8268",
          "LAWS8290",
          "LAWS8296",
          "LAWS8297",
          "LAWS8566",
          "LAWS8567",
          "LAWS8582",
          "LAWS8583",
          "LAWS8585",
          "LAWS8301",
          "LAWS8320",
          "LAWS8315",
          "LAWS8579"
        ],
        "type": "minimum",
        "units": 24
      }
    ],
    "compulsory_courses": [
      "LAWS8182",
      "LAWS8183"
    ]
  },
  "code": "NLLIL",
  "year": 2016,
  "name": "Master of Laws in International Law",
  "units": 48
}