{
  "required": {
    "x_from_here": [
      {
        "courses": [
          "POGO8016",
          "POGO8081"
        ],
        "type": "minimum",
        "units": 6
      },
      {
        "courses": [
          "ANTH8009",
          "ANTH8028",
          "ANTH8032",
          "CRWF7000",
          "EMDV8079",
          "EMDV8080",
          "EMDV8081",
          "EMDV8082",
          "EURO8003",
          "IDEC8007",
          "IDEC8088",
          "NSPO8007",
          "POGO8004",
          "POGO8015",
          "POGO8021",
          "POGO8025",
          "POGO8032",
          "POGO8035"
        ],
        "type": "maximum",
        "units": 18
      },
      {
        "courses": [
          "POGO8082",
          "POGO8090"
        ],
        "type": "minimum",
        "units": 6
      }
    ],
    "compulsory_courses": [
      "CRWF8000",
      "POGO8012",
      "POGO8019",
      "POGO8024",
      "POGO8062",
      "POGO8072",
      "POGO8096",
      "POGO8117"
    ]
  },
  "code": "NPPDP",
  "year": 2017,
  "name": "Master of Public Policy in Development Policy",
  "units": 96
}