{
  "required": {
    "x_from_here": [
      {
        "courses": [
          "POGO8016",
          "POGO8081"
        ],
        "type": "minimum",
        "units": 6
      },
      {
        "courses": [
          "POGO8029",
          "POGO8050",
          "POGO8115",
          "POGO8213"
        ],
        "type": "minimum",
        "units": 6
      },
      {
        "courses": [
          "POGO8090",
          "POGO8082"
        ],
        "type": "minimum",
        "units": 6
      },
      {
        "courses": [
          "POGO8015",
          "POGO8029",
          "POGO8050",
          "POGO8115",
          "EMDV8079",
          "EMDV8080",
          "POGO8213",
          "IDEC8007",
          "EURO8003",
          "NSPO8007"
        ],
        "type": "minimum",
        "units": 12
      },
      {
        "courses": [
          "POGO8004",
          "POGO8015",
          "POGO8021",
          "POGO8025",
          "POGO8029",
          "POGO8032",
          "POGO8035",
          "POGO8044",
          "POGO8048",
          "POGO8049",
          "POGO8050",
          "POGO8055",
          "POGO8057",
          "POGO8076",
          "POGO8080",
          "POGO8083",
          "POGO8084",
          "POGO8085",
          "POGO8088",
          "POGO8095",
          "POGO8101",
          "POGO8102",
          "POGO8111",
          "POGO8115",
          "EMDV8079",
          "POGO8210",
          "EMDV8080",
          "POGO8213",
          "EMDV8081",
          "EMDV8082",
          "SOCY8004",
          "IDEC8007",
          "IDEC8088",
          "ANTH8009",
          "ANTH8028",
          "ANTH8032",
          "EURO8003",
          "POPH8103",
          "NSPO8007"
        ],
        "type": "maximum",
        "units": 18
      }
    ],
    "compulsory_courses": [
      "POGO8024",
      "POGO8072",
      "POGO8012",
      "POGO8019",
      "POGO8062",
      "POGO8117"
    ]
  },
  "code": "NPPIP",
  "year": 2017,
  "name": "Master of Public Policy in International Policy",
  "units": 96
}