{
  "required": {
    "x_from_here": [
      {
        "courses": [
          "ANTH8050",
          "THES8103"
        ],
        "type": "minimum",
        "units": 24
      },
      {
        "courses": [
          "ANTH6009",
          "ANTH6065",
          "ANTH6066",
          "ANTH6135",
          "ANTH8007",
          "ANTH8009",
          "ANTH8016",
          "ANTH8030",
          "ANTH8032",
          "ANTH8038",
          "ANTH8042",
          "ANTH8047",
          "ANTH8049",
          "ANTH8056",
          "ANTH8058",
          "ANTH8060",
          "ANTH8106",
          "CHMD8006",
          "CHMD8014",
          "DEMO8048",
          "DIPL8010",
          "EMDV8009",
          "EMDV8013",
          "EMDV8079",
          "EMDV8082",
          "EMDV8101",
          "EMDV8124",
          "HUMN8023",
          "INDG8001",
          "INDG8003",
          "INDG8004",
          "SOCY6045",
          "STST8032"
        ],
        "type": "minimum",
        "units": 36
      }
    ],
    "compulsory_courses": [
      "ANTH8019",
      "ANTH8028"
    ]
  },
  "code": "VAAPD",
  "year": 2017,
  "name": "Master of Applied Anthropology and Participatory Development (Advanced)",
  "units": 96
}