{
  "required": {
    "x_from_here": [
      {
        "courses": [
          "ASIA6030",
          "ASIA8011",
          "ASIA6176",
          "ASIA8514",
          "PASI8002"
        ],
        "type": "minimum",
        "units": 12
      }
    ],
    "compulsory_courses": [
      "ASIA8020",
      "ASIA8021",
      "ASIA8049",
      "ASIA8051",
      "ASIA8500",
      "ASIA6030",
      "ASIA8011",
      "ASIA6176"
    ]
  },
  "code": "VANPS",
  "year": 2019,
  "name": "Master of Asian and Pacific Studies (Advanced)",
  "units": 96
}