{
  "required": {
    "x_from_here": [
      {
        "courses": [
          "BIOL8291",
          "BIOL8700",
          "BIOL8704"
        ],
        "type": "minimum",
        "units": 12
      },
      {
        "courses": [
          "BIOL6006",
          "BIOL6106",
          "BIOL6107",
          "BIOL6108",
          "BIOL6117",
          "BIOL6141",
          "BIOL6142",
          "BIOL6144",
          "BIOL6161",
          "BIOL6163",
          "BIOL6171",
          "BIOL6174",
          "BIOL6177",
          "BIOL6191",
          "BIOL6204",
          "BIOL6205",
          "BIOL6243",
          "LAWS6504",
          "MATH6100",
          "MATH6208",
          "VCPG6001"
        ],
        "type": "maximum",
        "units": 18
      }
    ],
    "compulsory_courses": [
      "BIOL6162",
      "BIOL8702",
      "BIOL8291"
    ]
  },
  "code": "VBIOT",
  "year": 2017,
  "name": "Master of Biotechnology (Advanced)",
  "units": 96
}