{
  "required": {
    "x_from_here": [
      {
        "courses": [
          "ANTH6005",
          "ANTH8007",
          "ANTH8029",
          "ANTH8038",
          "BIAN6512",
          "BIAN6519",
          "BIOL8021",
          "CHMD8001",
          "CHMD8005",
          "CHMD8006",
          "CHMD8008",
          "CHMD8009",
          "CHMD8010",
          "CHMD8011",
          "CHMD8015",
          "CHMD8016",
          "CHMD8019",
          "CHMD8020",
          "DEMO8079",
          "EMDV8001",
          "GEND6501",
          "MEDI8111",
          "NSPO8013",
          "POPM8001"
        ],
        "type": "minimum",
        "units": 12
      },
      {
        "courses": [
          "ANTH6004",
          "ANTH6009",
          "ANTH6017",
          "ANTH6025",
          "ANTH6026",
          "ANTH6057",
          "ANTH6064",
          "ANTH6514",
          "ANTH6515",
          "ANTH6516",
          "ANTH6518",
          "ANTH6519",
          "BIAN6013",
          "BIAN6115",
          "BIAN6119",
          "BIAN6120",
          "BIOL6106",
          "BIOL6141",
          "BIOL6144",
          "BIOL6191",
          "ECON6013",
          "ENVS6005",
          "ENVS6012",
          "ENVS6013",
          "ENVS6025",
          "ENVS6033",
          "ENVS6101",
          "ENVS6103",
          "ENVS6104",
          "ENVS6108",
          "ENVS6302",
          "ENVS6306",
          "GEND6021",
          "HIST8018",
          "LING6015",
          "LING6021",
          "POLS6100",
          "POLS6101",
          "SCOM8014",
          "SOCY6045"
        ],
        "type": "minimum",
        "units": 24
      },
      {
        "courses": [
          "ANTH6005",
          "ANTH8007",
          "ANTH8029",
          "ANTH8038",
          "BIAN6512",
          "BIAN6519",
          "BIOL8021",
          "CHMD8001",
          "CHMD8005",
          "CHMD8006",
          "CHMD8008",
          "CHMD8009",
          "CHMD8010",
          "CHMD8011",
          "CHMD8015",
          "CHMD8016",
          "CHMD8019",
          "CHMD8020",
          "DEMO8079",
          "EMDV8001",
          "GEND6501",
          "MEDI8111",
          "NSPO8013",
          "POPM8001"
        ],
        "type": "minimum",
        "units": 36
      }
    ],
    "compulsory_courses": [
      "CHMD8004",
      "CHMD8014",
      "THES8103",
      "ANTH6004",
      "ANTH6009",
      "ANTH6017"
    ]
  },
  "code": "VCHAM",
  "year": 2016,
  "name": "Master of Culture Health and Medicine (Advanced)",
  "units": 96
}