{
  "required": {
    "x_from_here": [
      {
        "courses": [
          "ARTV6000",
          "ARTV6003",
          "ARTV6006",
          "ARTV6057",
          "DESN8001"
        ],
        "type": "minimum",
        "units": 18
      },
      {
        "courses": [
          "DESN8001",
          "DESN8002",
          "DESN8003"
        ],
        "type": "minimum",
        "units": 12
      },
      {
        "courses": [
          "ARTH6004",
          "ARTH6043",
          "ARTH6162",
          "ARTH6164",
          "ARTH6165",
          "ARTH6167",
          "ARTH6171"
        ],
        "type": "minimum",
        "units": 6
      },
      {
        "courses": [
          "DESA6017",
          "DESN6001",
          "DESN6002",
          "DESN6003",
          "DESN6004",
          "DESN6005",
          "DESN6006",
          "DESN6010",
          "DESN8001",
          "DESN8002",
          "DESN8003",
          "MGMT7161",
          "MUSC8018"
        ],
        "type": "minimum",
        "units": 24
      },
      {
        "courses": [
          "ARTH8020",
          "ARTH8021",
          "ARTH8022",
          "DART8067"
        ],
        "type": "minimum",
        "units": 12
      }
    ]
  },
  "code": "VDESN",
  "year": 2018,
  "name": "Master of Design (Advanced)",
  "units": 96
}