{
  "required": {
    "x_from_here": [
      {
        "courses": [
          "DART8067",
          "DART8071",
          "HIST6233",
          "ARTV6008"
        ],
        "type": "minimum",
        "units": 12
      },
      {
        "courses": [
          "ARTV6000",
          "ARTV6003",
          "ARTV6004",
          "ARTV6006",
          "ARTV6921",
          "ARTV8054",
          "ARTV8300",
          "DART8116",
          "DART8117",
          "DART8118"
        ],
        "type": "maximum",
        "units": 18
      },
      {
        "courses": [
          "ARTV8038",
          "ARTV8039",
          "ARTV8040"
        ],
        "type": "minimum",
        "units": 12
      }
    ]
  },
  "code": "VDIGA",
  "year": 2016,
  "name": "Master of Digital Arts (Advanced)",
  "units": 96
}