{
  "required": {
    "x_from_here": [
      {
        "courses": [
          "ANTH8028",
          "ANTH8038",
          "ANTH8047",
          "ANTH8060",
          "CRWF8000",
          "EMDV8103",
          "EMDV8002",
          "EMDV8012",
          "EMDV8001",
          "EMDV8012",
          "EMDV8009",
          "EMDV8007",
          "EMDV8079",
          "EMDV8080",
          "EMDV8081",
          "EMDV8082",
          "EMDV8103",
          "EMDV8108",
          "EMDV8124"
        ],
        "type": "minimum",
        "units": 24
      },
      {
        "courses": [
          "ANTH6009",
          "ANTH8049",
          "ANTH8009",
          "ANTH8019",
          "BUSN7017",
          "CHMD8020",
          "DEMO8088",
          "EMSC8706",
          "ENVS6013",
          "ENVS6015",
          "ENVS6021",
          "ENVS6024",
          "ENVS6033",
          "ENVS6307",
          "ENVS6528",
          "ENVS6555",
          "ENVS8003",
          "IDEC8001",
          "IDEC8003",
          "IDEC8007",
          "IDEC8008",
          "IDEC8018",
          "IDEC8022",
          "IDEC8025",
          "IDEC8053",
          "IDEC8089",
          "LAWS8123",
          "LAWS8180",
          "LAWS8189",
          "POGO8004",
          "POGO8032",
          "POGO8076",
          "POGO8083",
          "POGO8115",
          "POGO8210",
          "POGO8212"
        ],
        "type": "minimum",
        "units": 12
      }
    ],
    "compulsory_courses": [
      "EMDV8008",
      "EMDV8078",
      "EMDV8101",
      "EMDV8013",
      "EMDV8102",
      "EMDV8104"
    ]
  },
  "code": "VEMDV",
  "year": 2019,
  "name": "Master of Environmental Management and Development (Advanced)",
  "units": 96
}