{
  "required": {
    "x_from_here": [
      {
        "courses": [
          "EMDV8080",
          "EMDV8081",
          "IDEC8089"
        ],
        "type": "minimum",
        "units": 6
      },
      {
        "courses": [
          "ENGN6410",
          "ENVS6025"
        ],
        "type": "minimum",
        "units": 6
      },
      {
        "courses": [
          "EMSC6021",
          "ENGN6224",
          "ENGN6334",
          "ENGN6524",
          "ENGN6525",
          "ENGN8526",
          "ENGN8527",
          "ENVS8005",
          "LAWS8180",
          "LAWS8181",
          "PHYS8202",
          "PHYS8205",
          "SOCY8002"
        ],
        "type": "minimum",
        "units": 6
      },
      {
        "courses": [
          "POGO8212",
          "LAWS8189"
        ],
        "type": "minimum",
        "units": 6
      },
      {
        "courses": [
          "ENVS6307",
          "ENVS8003"
        ],
        "type": "minimum",
        "units": 6
      }
    ],
    "compulsory_courses": [
      "ENGN6516",
      "PHYS8013"
    ]
  },
  "code": "VENCH",
  "year": 2015,
  "name": "Master of Energy Change (Advanced)",
  "units": 96
}