{
  "required": {
    "x_from_here": [
      {
        "courses": [
          "BIOL6003",
          "ENVS6014",
          "ENVS6015",
          "ENVS6022",
          "ENVS6025",
          "ENVS6103",
          "ENVS6204",
          "ENVS6218",
          "ENVS6223",
          "ENVS6304",
          "ENVS6311",
          "ENVS6315",
          "ENVS8015",
          "ENVS8048"
        ],
        "type": "maximum",
        "units": 6
      },
      {
        "courses": [
          "ENVS6024",
          "ENVS6026",
          "ENVS6201",
          "ENVS6308"
        ],
        "type": "minimum",
        "units": 6
      },
      {
        "courses": [
          "ENVS6026",
          "ENVS6528"
        ],
        "type": "minimum",
        "units": 12
      },
      {
        "courses": [
          "ANTH8047",
          "EMDV8002",
          "EMDV8009",
          "EMDV8078",
          "ENVS6013",
          "ENVS6020",
          "ENVS6021",
          "ENVS6033",
          "ENVS6108",
          "ENVS6223",
          "ENVS6307",
          "ENVS6315",
          "ENVS6555",
          "ENVS8016",
          "ENVS8048",
          "LAWS8189",
          "LAWS8280"
        ],
        "type": "minimum",
        "units": 12
      },
      {
        "courses": [
          "ENVS6202",
          "ENVS6514"
        ],
        "type": "minimum",
        "units": 12
      }
    ]
  },
  "code": "VFORE",
  "year": 2018,
  "name": "Master of Forestry (Advanced)",
  "units": 96
}