{
  "required": {
    "x_from_here": [
      {
        "courses": [
          "ANTH8042",
          "ENVS6033",
          "HIST8018",
          "HUMN6002",
          "LAWS8182",
          "SOCY6045"
        ],
        "type": "minimum",
        "units": 12
      }
    ],
    "compulsory_courses": [
      "THES8103",
      "POLS8031",
      "POLS8032",
      "ANTH8042",
      "ENVS6033",
      "HIST8018"
    ]
  },
  "code": "VGLOB",
  "year": 2017,
  "name": "Master of Globalisation (Advanced)",
  "units": 96
}