{
  "required": {
    "x_from_here": [
      {
        "courses": [
          "HIST6022",
          "HIST6107",
          "HIST6121",
          "HIST6126",
          "HIST6128",
          "HIST6133",
          "HIST6136",
          "HIST6205",
          "HIST6213",
          "HIST6214",
          "HIST6221",
          "HIST6223",
          "HIST6226",
          "HIST6228",
          "HIST6229",
          "HIST6236",
          "HIST6237",
          "HIST6238",
          "HIST6509",
          "HIST6240",
          "HUMN6002"
        ],
        "type": "minimum",
        "units": 24
      }
    ],
    "compulsory_courses": [
      "HIST6007",
      "HIST6110",
      "THES8102",
      "HIST6022",
      "HIST6107",
      "HIST6121"
    ]
  },
  "code": "VHIST",
  "year": 2016,
  "name": "Master of History (Advanced)",
  "units": 96
}