{
  "required": {
    "x_from_here": [
      {
        "courses": [
          "ASIA6165",
          "INTR8058",
          "MEAS8100",
          "MEAS8102",
          "MEAS8105",
          "MEAS8111",
          "MEAS8115",
          "MEAS8116",
          "MEAS8117",
          "MEAS8118",
          "MEAS8119",
          "MEAS8120",
          "MEAS8121",
          "MEAS8122",
          "MEAS8123"
        ],
        "type": "minimum",
        "units": 36
      },
      {
        "courses": [
          "MEAS8010",
          "MEAS8103",
          "MEAS8108",
          "MEAS8109",
          "MEAS8112",
          "MEAS8113",
          "MEAS8114"
        ],
        "type": "maximum",
        "units": 24
      }
    ]
  },
  "code": "VIIMW",
  "year": 2015,
  "name": "Master of Islam in the Modern World (Advanced)",
  "units": 96
}