{
  "required": {
    "x_from_here": [
      {
        "courses": [
          "ASIA6001",
          "ASIA6101",
          "LANG6103",
          "LING6003",
          "LING6005",
          "LING6007",
          "LING6008",
          "LING6010",
          "LING6013",
          "LING6015",
          "LING6016",
          "LING6017",
          "LING6018",
          "LING6019",
          "LING6021",
          "LING6022",
          "LING6023",
          "LING6026",
          "LING6029",
          "LING6101",
          "LING6103",
          "LING6105",
          "LING6508",
          "LING6521",
          "LING6522",
          "LING6529",
          "LING8025",
          "PASI6010",
          "PASI6020"
        ],
        "type": "minimum",
        "units": 24
      },
      {
        "courses": [
          "HUMN6001",
          "LING6001",
          "LING6002",
          "LING6009",
          "LING6020",
          "LING6311",
          "LING6509",
          "LING6525",
          "LING8001",
          "LING8003",
          "LING8009",
          "LING8010",
          "LING8011",
          "LING8012",
          "LING8026"
        ],
        "type": "minimum",
        "units": 18
      }
    ]
  },
  "code": "VLING",
  "year": 2016,
  "name": "Master of General and Applied Linguistics (Advanced)",
  "units": 96
}