{
  "required": {
    "x_from_here": [
      {
        "courses": [
          "MEAS8010",
          "MEAS8100",
          "MEAS8102",
          "MEAS8103",
          "MEAS8105",
          "MEAS8108",
          "MEAS8109",
          "MEAS8111",
          "MEAS8112",
          "MEAS8113",
          "MEAS8114",
          "MEAS8115",
          "MEAS8116",
          "MEAS8117",
          "MEAS8118",
          "MEAS8119",
          "MEAS8120",
          "MEAS8121",
          "MEAS8122",
          "MEAS8123"
        ],
        "type": "minimum",
        "units": 60
      }
    ]
  },
  "code": "VMECA",
  "year": 2016,
  "name": "Master of Middle Eastern and Central Asian Studies (Advanced)",
  "units": 96
}