{
  "required": {
    "x_from_here": [
      {
        "courses": [
          "HUMN8007",
          "HUMN8012",
          "HUMN8013",
          "HUMN8017",
          "HUMN8018",
          "HUMN8022",
          "HUMN8023",
          "HUMN6001",
          "HUMN8026",
          "HUMN8027",
          "MUSC8004",
          "MUSC8005",
          "MUSC8008",
          "MUSC8009",
          "MUSC8011"
        ],
        "type": "minimum",
        "units": 12
      }
    ]
  },
  "code": "VMUHS",
  "year": 2015,
  "name": "Master of Museum and Heritage Studies (Advanced)",
  "units": 96
}