{
  "required": {
    "x_from_here": [
      {
        "courses": [
          "BIOL6174",
          "PSYC6010"
        ],
        "type": "minimum",
        "units": 6
      },
      {
        "courses": [
          "BIOL6001",
          "BIOL6161",
          "BIOL6171",
          "BIOL6191",
          "BIOL6201",
          "BIOL6202",
          "BIOL8021",
          "BIOL8291",
          "BIOL8702",
          "MEDN8000",
          "MEDN8002",
          "MEDN8003",
          "NEUR8700",
          "NEUR8701",
          "NEUR8704",
          "POPM8001",
          "PSYC6030",
          "SCOM8021",
          "VCPG6002"
        ],
        "type": "minimum",
        "units": 30
      }
    ],
    "compulsory_courses": [
      "NEUR6101",
      "NEUR6102"
    ]
  },
  "code": "VNEUR",
  "year": 2015,
  "name": "Master of Neuroscience (Advanced)",
  "units": 96
}