{
  "required": {
    "x_from_here": [
      {
        "courses": [
          "ANTH8032",
          "ANTH8043",
          "CRWF8000",
          "DIPL8006",
          "INTR8062",
          "INTR8065",
          "INTR8067",
          "MEAS8111",
          "MEAS8115",
          "NSPO8008",
          "NSPO8004",
          "NSPO8006",
          "NSPO8007",
          "NSPO8010",
          "NSPO8012",
          "NSPO8013",
          "NSPO8014",
          "NSPO8015",
          "NSPO8017",
          "NSPO8018",
          "NSPO8019",
          "NSPO8021",
          "NSPO8022",
          "NSPO8023",
          "NSPO8024",
          "POGO8012",
          "POGO8095",
          "STST8001",
          "STST8002",
          "STST8004",
          "STST8013",
          "STST8021",
          "STST8026",
          "STST8027",
          "STST8051"
        ],
        "type": "minimum",
        "units": 18
      },
      {
        "courses": [
          "NSPO8008",
          "NSPO8004",
          "NSPO8006",
          "NSPO8007",
          "NSPO8010",
          "NSPO8012",
          "NSPO8013",
          "NSPO8014",
          "NSPO8015",
          "NSPO8017",
          "NSPO8018",
          "NSPO8019",
          "NSPO8021",
          "NSPO8022",
          "NSPO8023",
          "NSPO8024",
          "NSPO8025",
          "NSPO8009"
        ],
        "type": "minimum",
        "units": 30
      }
    ],
    "compulsory_courses": [
      "INTR8065",
      "NSPO8006",
      "NSPO8020",
      "NSPO8011"
    ]
  },
  "code": "VNSPO",
  "year": 2017,
  "name": "Master of National Security Policy (Advanced)",
  "units": 96
}