{
  "required": {
    "x_from_here": [
      {
        "courses": [
          "ANTH8032",
          "ANTH8043",
          "CRWF8006",
          "CRWF8016",
          "DIPL8006",
          "INTR8062",
          "INTR8065",
          "INTR8067",
          "MEAS8111",
          "NSPO8004",
          "NSPO8010",
          "NSPO8012",
          "NSPO8013",
          "NSPO8014",
          "NSPO8015",
          "NSPO8016",
          "NSPO8017",
          "NSPO8018",
          "NSPO8019",
          "NSPO8021",
          "NSPO8022",
          "POGO8037",
          "POGO8045",
          "STST8001",
          "STST8002",
          "STST8004",
          "STST8013",
          "STST8021",
          "STST8026",
          "STST8027",
          "STST8051"
        ],
        "type": "minimum",
        "units": 18
      },
      {
        "courses": [
          "NSPO8010",
          "NSPO8013",
          "NSPO8015",
          "NSPO8016",
          "NSPO8019",
          "NSPO8022"
        ],
        "type": "minimum",
        "units": 12
      },
      {
        "courses": [
          "NSPO8004",
          "NSPO8017",
          "NSPO8018"
        ],
        "type": "minimum",
        "units": 12
      }
    ],
    "compulsory_courses": [
      "INTR8032",
      "INTR8065",
      "NSPO8006",
      "NSPO8007",
      "NSPO8020"
    ]
  },
  "code": "VNSPO",
  "year": 2016,
  "name": "Master of National Security Policy (Advanced)",
  "units": 96
}