{
  "required": {
    "x_from_here": [
      {
        "courses": [
          "DEMO8008",
          "DEMO8011",
          "DEMO8024",
          "DEMO8047",
          "DEMO8048",
          "DEMO8079",
          "DEMO8088",
          "DEMO8090",
          "SOCR8002",
          "SOCR8003",
          "SOCR8004",
          "SOCR8005",
          "SOCR8006",
          "SOCR8007",
          "SOCR8008",
          "SOCR8009",
          "SOCY8014"
        ],
        "type": "minimum",
        "units": 12
      },
      {
        "courses": [
          "SOCR8008",
          "SOCR8009"
        ],
        "type": "minimum",
        "units": 6
      }
    ],
    "compulsory_courses": [
      "DEMO8082",
      "SOCR8001"
    ]
  },
  "code": "VSRES",
  "year": 2016,
  "name": "Master of Social Research (Advanced)",
  "units": 96
}