{
  "required": {
    "x_from_here": [
      {
        "courses": [
          "ANTH6009",
          "ANTH6025",
          "ANTH8028",
          "CHMD8001",
          "CHMD8004",
          "CHMD8014",
          "DEMO8091",
          "HUMN6001",
          "IDEC8003",
          "IDEC8026",
          "POGO8029",
          "POGO8084",
          "POPH8100",
          "SOCY8004",
          "STAT8002"
        ],
        "type": "minimum",
        "units": 18
      },
      {
        "courses": [
          "DEMO8008",
          "DEMO8024",
          "DEMO8047",
          "DEMO8048",
          "DEMO8088",
          "DEMO8090",
          "SOCR8002",
          "SOCR8003",
          "SOCR8004",
          "SOCR8006",
          "SOCR8008",
          "SOCR8009",
          "SOCY6066"
        ],
        "type": "minimum",
        "units": 12
      },
      {
        "courses": [
          "SOCR8008",
          "SOCR8009"
        ],
        "type": "minimum",
        "units": 6
      }
    ],
    "compulsory_courses": [
      "DEMO8082",
      "SOCR8001",
      "THES8103",
      "SOCR8008",
      "SOCR8009",
      "ANTH6009"
    ]
  },
  "code": "VSRES",
  "year": 2017,
  "name": "Master of Social Research (Advanced)",
  "units": 96
}