{
  "required": {
    "x_from_here": [
      {
        "courses": [
          "ARTV6003",
          "ARTV6006",
          "ARTV6100",
          "ARTV6101",
          "ARTV6102",
          "ARTV6921",
          "ARTV8054",
          "ARTV8300",
          "DESA6100",
          "DESA6101"
        ],
        "type": "minimum",
        "units": 42
      },
      {
        "courses": [
          "ARTV8038",
          "ARTV8039",
          "ARTV8040"
        ],
        "type": "minimum",
        "units": 12
      },
      {
        "courses": [
          "ARTH6057",
          "ARTV6007",
          "ARTV6008",
          "ARTV6103",
          "ARTV6104",
          "ARTV8107",
          "ARTV8207",
          "ARTV8208"
        ],
        "type": "minimum",
        "units": 12
      }
    ]
  },
  "code": "VVISA",
  "year": 2016,
  "name": "Master of Visual Arts (Advanced)",
  "units": 96
}