{
  "required": {
    "x_from_here": [
      {
        "courses": [
          "ARTH6050",
          "ARTH6057",
          "ARTH6082",
          "ARTV6007",
          "ARTV6008",
          "ARTV6030",
          "ARTV6103",
          "ARTV6104",
          "ARTV6806",
          "ARTV6807",
          "ARTV6808",
          "ARTV8107",
          "ARTV8207"
        ],
        "type": "minimum",
        "units": 12
      },
      {
        "courses": [
          "ARTV6000",
          "ARTV6003",
          "ARTV6006",
          "ARTV6100",
          "ARTV6801",
          "ARTV6802",
          "ARTV6803",
          "ARTV6804",
          "ARTV6805",
          "ARTV6921",
          "ARTV8054",
          "ARTV8300",
          "DESA6017"
        ],
        "type": "minimum",
        "units": 42
      },
      {
        "courses": [
          "ARTV8038",
          "ARTV8039",
          "ARTV8040"
        ],
        "type": "minimum",
        "units": 12
      }
    ]
  },
  "code": "VVISA",
  "year": 2017,
  "name": "Master of Visual Arts (Advanced)",
  "units": 96
}