{
    "name": "Bachelor of Accounting",
    "required": {
        "compulsory_courses": [
            "BUSN1002",
            "FINM1001",
            "BUSN2011",
            "BUSN2015",
            "BUSN3001"
        ],
        "x_from_here": [
            {
                "num": 18,
                "courses": [
                    "BUSN1101",
                    "BUSN2101",
                    "BUSN2036",
                    "BUSN3008",
                    "BUSN3017",
                    "INFS2005"
                ]
            },
            {
                "num": 18,
                "courses": [
                    "BUSN3002",
                    "BUSN3003",
                    "BUSN3006",
                    "BUSN3008",
                    "BUSN3017",
                    "BUSN3014",
                    "BUSN3051"
                ]
            },
            {
                "num": 6,
                "courses": "CBE List 1"
            }
        ],
        "required_m/m/s": [
            "BECE-MIN"
        ],
        "max_by_level": {
            "1000": 60
        }
    }
}
