{
    "name": "Bachelor of Actuarial Studies",
    "required": {
        "compulsory_courses": [
            "BUSN1001",
            "ECON1101",
            "STAT1008",
            "STAT2001",
            "STAT2005",
            "STAT2008",
            "STAT2032",
            "STAT3032",
            "STAT3035",
            "STAT3036",
            "STAT3037",
            "STAT3038"
        ],
        "x_from_here": [
            {
                "num": 6,
                "courses": [
                    "ECON1100",
                    "ECON1102"
                ]
            },
            {
                "num": 6,
                "courses": [
                    "ECON2102",
                    "ECON2016",
                    "ECON2112"
                ]
            },
            {
                "num": 12,
                "courses": "CBE List 1"
            }
        ],
        "max_by_level": {
            "1000": 60
        }
    }
}

