{
    "name": "Bachelor of Business Administration",
    "required": {
        "compulsory_courses": [
            "BUSI2025",
            "BUSN1001",
            "ECON1101",
            "MGMT1003",
            "MGMT2030",
            "MGMT2100",
            "MGMT3015",
            "MGMT3021",
            "MGMT3027",
            "MKTG2004"
        ],
        "x_from_here": [
            {
                "num": 6,
                "courses": [
                    "MGMT2003",
                    "STAT1008"
                ]
            },
            {
                "num": 6,
                "courses": [
                    "ECON1100",
                    "ECON1102"
                ]
            },
            {
                "num": 24,
                "courses": "CBE List 1"
            }
        ],
        "max_by_level": {
            "1000": 60
        }
    }
}
