{
    "name": "Bachelor of Commerce",
    "required": {
        "compulsory_courses": [
            "MGMT2100"
        ],
        "one_from_m/m/s": [
            [
                "ACCT-MAJ",
                "BUSN-MAJ",
                "CORP-MAJ",
                "ECST-MAJ",
                "FINM-MAJ",
                "INTE-MAJ",
                "MGMT-MAJ",
                "MARK-MAJ"
            ]
        ],
        "required_m/m/s": [
            "BECE-MIN"
        ],
        "x_from_here": [
            {
                "num": 96,
                "courses": "CBE List 1"
            }
        ],
        "max_by_level": {
            "1000": 60
        }
    }
}
