{
    "name": "Bachelor of Genetics",
    "required": {
        "compulsory_courses": [
            "BIOL1003",
            "BIOL1004",
            "BIOL2151",
            "BIOL2161",
            "BIOL2162",
            "BIOL2202",
            "BIOL3157",
            "BIOL3161",
            "BIOL3204",
            "CHEM1101",
            "CHEM1201"
        ],
        "x_from_here": [
            {
                "num": 6,
                "courses": [
                    "BIOL1009",
                    "COMP1100"
                ]
            },
            {
                "num": 6,
                "courses": [
                    "STAT1003",
                    "STAT1008",
                    "BIOL2001"
                ]
            },
            {
                "num": 18,
                "courses": [
                    "BIOL3114",
                    "BIOL3113",
                    "BIOL3002",
                    "BIOL3003",
                    "BIOL3201",
                    "BIOL3109",
                    "BIOL3141",
                    "BIOL3144",
                    "BIOL3177",
                    "BIOL3191",
                    "BIOL3193",
                    "BIOL3205",
                    "BIOL3108",
                    "BIOL3206",
                    "BIOL3208",
                    "BIOL3209",
                    "BIAN3016",
                    "BIAN3113"
                ]
            }
        ],
        "x_from_category": [
            {
                "num": 36,
                "code": "ASTR, BIOL, CHEM, EMSC, ENVS, HLTH, MATH, MEDN, NEUR, PHYS, HOPH, PSYC, CVUG, SCNC, SCOM",
                "level": [3000, 4000]
            }
        ],
        "max_by_level": {
            "1000": 60
        }
    }
}

