{
    "name": "Bachelor of Music",
    "required": {
        "compulsory_courses": [
            "MUSI1105",
            "MUSI1106",
            "MUSI2203",
            "MUSI2204",
            "MUSI3319",
            "MUSI3320",
            "MUSI1110"
        ],
        "x_from_here": [
            {
                "num": 6,
                "courses": [
                    "INDG2002",
                    "MUSI1109",
                    "MUSI1113",
                    "MUSI2222",
                    "MUSI2225"
                ]
            }
        ],
        "one_from_m/m/s": [
            [
                "COMP-MAJ",
                "CFVG-MAJ",
                "MTEC-MAJ",
                "MUSY-MAJ",
                "PERF-MAJ"
            ]
        ],
        "x_from_category": [
            {
                "num": 84,
                "code": "MUSI"
            }
        ],
        "max_by_level": {
            "1000": 60
        }
    }
}



