{
    "name": "Bachelor of Policy Studies",
    "required": {
        "compulsory_courses": [
            "DEMO2001",
            "ECON1101",
            "POLS1002",
            "POLS2009",
            "POLS2105",
            "SOCY1002",
            "SOCY2038",
            "SOCY2043",
            "SOCY2101"
        ],
        "x_from_here": [
            {
                "num": 6,
                "courses": [
                    "SOCY3001",
                    "SOCY3030"
                ]
            },
            {
                "num": 6,
                "courses": [
                    "ECON1100",
                    "ECON1102"
                ]
            },
            {
                "num": 6,
                "courses": [
                    "HIST2227",
                    "POLS2043",
                    "POLS2111",
                    "POLS2114",
                    "POLS2121"
                ]
            },
            {
                "num": 6,
                "courses": [
                    "PHIL2020",
                    "PHIL2115",
                    "POLS2063",
                    "POLS2119",
                    "POLS2120"
                ]
            },
            {
                "num": 18,
                "courses": [
                    "ANIP3005",
                    "CRIM2001",
                    "CRIM2003",
                    "CRIM2004",
                    "ENVS3001",
                    "ENVS3020",
                    "ENVS3028",
                    "ENVS3033",
                    "INDG3001",
                    "LING2022",
                    "SOCY2021",
                    "SOCY2022",
                    "STST2001",
                    "STST2003",
                    "STST3002",
                    "STST3003"
                ]
            }
        ],
        "max_by_level": {
            "1000": 60
        }
    }
}

